id,tractable,solver_provider,solver_model,solver_reasoning,solver_attempt,providers_tried
ba6c7680-e87e-452a-9061-67a4c07ddeb3,True,openai,gpt-5-nano,high,1,1
1af96720-0565-4451-8e6e-71bf4a31836c,True,openai,gpt-5-nano,high,1,1
43125f7e-1490-4e4b-8329-e7513fecca22,True,openai,gpt-5-nano,high,1,1
affad052-1710-470b-8d12-8c6b6beff451,True,openai,gpt-5-nano,high,1,1
fd375582-7be6-44d8-ad8a-f614a28fbbb7,True,openai,gpt-5-nano,high,1,1
f55b135e-cbea-4ad9-b256-07632b30565b,True,openai,gpt-5-nano,high,1,1
90af7355-dde2-4e5f-8a74-c7a316641152,True,openai,gpt-5-nano,high,1,1
0eef888a-1aa1-4768-8b5f-a78905f57c1a,True,openai,gpt-5-nano,high,1,1
892ff7b0-55d3-4375-85b6-3e1e5c20f78f,True,openai,gpt-5-nano,high,1,1
c481ff8a-af57-41e0-b8dd-6fcbd5fcbd47,True,openai,gpt-5-nano,high,1,1
887e1d21-fa64-433c-b6ac-7e20fb992867,True,openai,gpt-5-nano,high,1,1
fac9f209-97e3-4b70-9c58-adcd82ba66dc,True,openai,gpt-5-nano,high,1,1
47bbe0b4-89ae-4ac8-b18c-c257ecd334d4,True,openai,gpt-5-nano,high,1,1
5613a0f9-6682-4ddf-a6f9-285928fc8f6f,True,openai,gpt-5-nano,high,1,1
50e16ebc-efff-4955-a266-e83fd3bdb0dc,True,openai,gpt-5-nano,high,1,1
7f265a50-4499-46d5-bc48-a94234acb964,True,openai,gpt-5-nano,high,1,1
fcfa5914-2d11-466b-8358-ab24a4810021,True,openai,gpt-5-nano,high,1,1
9d28186c-7e1b-4a70-9cee-8e1cae7d9601,True,openai,gpt-5-nano,high,1,1
47277e61-a83c-41b0-b904-5254752862e7,True,openai,gpt-5-nano,high,1,1
70d916d6-bca9-4ebf-beea-730a4e343025,True,openai,gpt-5-nano,high,1,1
46039559-3304-4f2e-b7ba-8d0eea96aafe,True,openai,gpt-5-nano,high,1,1
9a65dafe-82b2-4dfa-98c6-96afab9df2c5,True,openai,gpt-5-nano,high,1,1
189cd08c-ab76-49d4-be9d-edf1a3f94cf3,True,openai,gpt-5-nano,high,1,1
916fc686-c727-4bd8-8949-80fcbd34b3e5,True,openai,gpt-5-nano,high,1,1
0c81267d-4f42-42d7-b67b-fc72200416cc,True,openai,gpt-5-nano,high,1,1
701f5133-0363-4b30-a74f-f408f0c242da,True,openai,gpt-5-mini,high,1,2
6ce256ea-fb4d-4395-9e7a-1aeaf41ad4c5,True,openai,gpt-5-nano,high,1,1
27ab82ba-6014-44e7-a7a9-e191fb021fbe,True,openai,gpt-5-nano,high,1,1
070b2324-bfb3-4ad1-9420-0e5ac1396645,True,openai,gpt-5-nano,high,1,1
dcfcc382-b82e-4942-9a6d-cc9a97b81b0e,True,openai,gpt-5-nano,high,1,1
ca52f04f-33bd-4a15-ba56-0c0d10548475,True,openai,gpt-5-nano,high,1,1
9af2f991-ef9d-4c33-bb46-292109da1513,True,openai,gpt-5-nano,high,1,1
8714de1c-16c6-4b95-bdd2-9ef05d8d451b,True,openai,gpt-5-nano,high,1,1
1073e81a-40aa-4db6-89d4-d10ed75e2493,True,openai,gpt-5-nano,high,1,1
e4158ea3-1939-4bf9-bbfc-7dc66c4533ee,True,openai,gpt-5-nano,high,1,1
3ac38b2c-32d2-478d-834d-cd7eacaebc1c,True,openai,gpt-5-nano,high,1,1
718e5fc3-455d-4976-b0f6-e49a7673858f,True,openai,gpt-5-nano,high,1,1
941e807f-c793-41bd-8367-432403881806,True,openai,gpt-5-nano,high,1,1
a0c8cbf8-9c16-422d-8549-2815996a6dc3,True,openai,gpt-5-nano,high,1,1
d6a8b0a6-c386-48f3-846c-aed0de5a69f3,True,openai,gpt-5-nano,high,1,1
2b5e8e4e-80eb-46b7-a6b4-5955409215a0,True,openai,gpt-5-mini,high,1,2
4ec9a25e-d626-4199-a597-9797389934be,True,openai,gpt-5-nano,high,1,1
b6252350-2870-417c-8930-846cb50993c2,True,openai,gpt-5-nano,high,1,1
d6495b95-6982-4bd8-8db0-bbbcf1069ce0,True,openai,gpt-5-mini,high,1,2
03f98369-014d-4c65-a449-d078b97e2a01,True,openai,gpt-5-nano,high,1,1
4d5390ef-9875-4fc2-94c6-215d69fac81c,True,openai,gpt-5-nano,high,1,1
8955ab8c-4bc2-488d-a548-31ca6e2d809a,True,openai,gpt-5-nano,high,1,1
65203f01-4a10-47d3-aa8d-32be278a1df1,True,openai,gpt-5-nano,high,1,1
d154ddce-5368-4a1b-95ea-e0e0a0936c62,True,openai,gpt-5-nano,high,1,1
7245c24c-b41a-41ce-b2c4-b8a1a46afe04,True,openai,gpt-5-nano,high,1,1
631304f3-a764-4cb6-9547-c09d540ce9ee,True,openai,gpt-5,low,1,3
78f090d4-5c81-4c2f-bdc2-3de9d427e937,True,openai,gpt-5-nano,high,1,1
7ab44832-7055-4ecd-9cf8-6e86b288bd5b,True,openai,gpt-5-nano,high,1,1
c9c99991-bbb9-4829-95a5-d44db851d941,True,openai,gpt-5-nano,high,1,1
e5300616-d4d3-4d4a-ab6a-7e43ead28fb4,True,openai,gpt-5-nano,high,1,1
2de733af-e579-4fae-8d13-32d33fd00fe5,True,openai,gpt-5-nano,high,1,1
9f79d669-71a5-4b8a-b8bf-2637ca9c1ca5,True,openai,gpt-5-nano,high,1,1
85ca93da-cd95-4120-9df0-16fb3300e1ea,True,openai,gpt-5-nano,high,1,1
d532955f-0e51-4d83-8eda-1ae6933d62ac,True,openai,gpt-5-nano,high,1,1
e45107b5-e816-4b5f-950b-335ab3d59a0e,True,openai,gpt-5-mini,high,1,2
5c66f4c1-480f-4773-a919-a16b3fc089e2,True,openai,gpt-5-nano,high,1,1
c1e148a5-1d0e-4b85-bfce-907553323a40,True,openai,gpt-5-nano,high,1,1
3513d664-2527-4f74-8eac-0fc573f98928,True,openai,gpt-5-nano,high,1,1
e70428f8-5cc6-4ae3-98c0-587f25a8022f,True,openai,gpt-5-nano,high,1,1
c49ca34b-8746-41c7-aaf6-8ac272d9c377,True,openai,gpt-5-nano,high,1,1
92d6ff6f-3697-4c50-899d-48bb1e6de52c,True,openai,gpt-5-nano,high,1,1
b094bbe7-3c20-42fd-b977-8c34eee066ed,True,openai,gpt-5-nano,high,1,1
71df7f19-ddee-4334-86b7-d5ab8a254188,True,openai,gpt-5-nano,high,1,1
bca4c1cf-5732-4180-8f6e-ae811be12309,True,openai,gpt-5-nano,high,1,1
1b010e21-bec7-4b00-a1c4-ac609ce63654,True,openai,gpt-5-nano,high,1,1
f1a241a4-b19d-4a13-9715-405d8f925c40,True,anthropic,claude-sonnet-4-20250514,high,1,6
b75a65ff-a269-4468-aa32-2ae0992d9271,True,openai,gpt-5-nano,high,1,1
0c22f280-14cd-45b2-9784-d09f75828394,True,openai,gpt-5-nano,high,1,1
3f636a4e-4a65-46d0-91d7-f4490395d2be,True,openai,gpt-5-nano,high,1,1
c9e454c6-bfc5-41db-9b81-4146240a22e2,True,openai,gpt-5-nano,high,1,1
684853b4-3049-4a16-b61c-a92ea4fb544f,True,openai,gpt-5-nano,high,1,1
b00bb63f-55fc-4e7c-a2be-017d11b98642,True,openai,gpt-5-nano,high,1,1
99c36727-a5b0-48f0-8488-2fc1a570a7d6,True,openai,gpt-5-nano,high,1,1
204116d3-f77e-4593-8297-ff17b29a7c6a,True,openai,gpt-5-nano,high,1,1
80144f29-e0f3-44cd-930d-6b8994e41fec,True,openai,gpt-5-nano,high,1,1
f9e0e1b5-1966-4aac-b60e-7cbbb15a375d,True,openai,gpt-5-nano,high,1,1
04d5b347-83b7-4f76-8014-a15ac244dbad,True,openai,gpt-5-nano,high,1,1
84d112a0-7eb3-416b-b467-8ef6065b9e8a,True,openai,gpt-5-nano,high,1,1
606236a2-b1aa-4a11-94d2-ed7821cd47d2,True,openai,gpt-5-nano,high,1,1
a5242106-4495-446f-b090-f9077b5ff89e,True,openai,gpt-5-nano,high,1,1
551d8cba-fb25-411c-8769-4bc5abb8f508,True,openai,gpt-5-nano,high,1,1
83586323-ce7c-4c2a-99ff-3194c71f6da4,True,openai,gpt-5,low,1,3
b92030fa-f909-4018-8179-76e5356371e0,True,openai,gpt-5-nano,high,1,1
78a3431d-03c5-432b-92b5-1ebd07c49cdd,True,openai,gpt-5-nano,high,1,1
745cd9d6-f728-4dca-b032-d00ded5ca387,True,together,deepseek-ai/DeepSeek-V3.1,high,1,11
ea83df0c-4b7a-4829-8d58-7d93c8478709,True,openai,gpt-5,medium,1,4
7efd8270-6fed-496e-af89-0c3b1ba1b7ec,True,openai,gpt-5-nano,high,1,1
35490bf0-5b7f-4ddb-ba94-6d2694e2ae11,True,openai,gpt-5-nano,high,1,1
1e66b7d6-96b0-4ac6-979f-410ce9e683b9,True,openai,gpt-5-nano,high,1,1
864c18cb-7f65-46ba-ab83-c2a7a8d21f78,True,openai,gpt-5-nano,high,1,1
e131c533-1923-4e2a-9b21-ac55d7ee211d,True,openai,gpt-5-nano,high,1,1
43fa4d67-b7c5-4d33-8fec-c56f14a6014e,True,openai,gpt-5-nano,high,1,1
9703763a-a612-490a-b154-49a22e2d110e,True,openai,gpt-5-nano,high,1,1
b09512ac-d62f-4903-bf4a-e1dd1b5a6836,True,openai,gpt-5-nano,high,1,1
2458e14d-82bc-4a5a-969c-b4b5871a2704,True,openai,gpt-5-nano,high,1,1
8bcc3dce-ac06-4124-92a9-2cfd0be373d2,True,openai,gpt-5-nano,high,1,1
0252cc48-624b-430d-9fec-547daab5810d,True,openai,gpt-5-nano,high,1,1
33b683cd-e872-4fd9-8675-8da9ade75412,True,openai,gpt-5-nano,high,1,1
d377ef6e-71c9-44da-8baa-77ba9b9cc664,True,openai,gpt-5-nano,high,1,1
9b8d8ef4-9e36-43c2-bae2-45967bdf22b6,True,openai,gpt-5-nano,high,1,1
e65bb902-ee1b-46bd-9db6-c88f358a5385,True,openai,gpt-5-nano,high,1,1
49d7fa8c-5ba2-4ccc-ba3a-471868ff827c,True,openai,gpt-5-nano,high,1,1
0df8aae2-4dd4-487e-ae0f-7117ce08527b,True,openai,gpt-5-nano,high,1,1
11f6da5b-fd1f-436c-8249-8b1f6a80e013,True,openai,gpt-5-nano,high,1,1
57f66a45-629b-45a1-9dd7-a0ccc9d49863,True,anthropic,claude-opus-4-1-20250805,high,1,5
55763b4f-933d-44f7-9e1c-dad17032d308,True,openai,gpt-5-nano,high,1,1
d589067d-d635-4ac4-8077-53b6d1889c4b,True,openai,gpt-5-nano,high,1,1
39fec667-43be-46dd-b0cb-255cacba4c36,True,openai,gpt-5-mini,high,1,2
5728a40d-255d-4e68-b9df-e234fc738c08,True,openai,gpt-5-nano,high,1,1
72c1cb1d-0c77-4123-a00a-8ab375f12fcc,True,openai,gpt-5-nano,high,1,1
e3fec784-f91d-4c68-96fa-928ec6bb7619,True,openai,gpt-5-nano,high,1,1
049f4c2c-4610-4761-a209-b31164594799,True,openai,gpt-5-nano,high,1,1
f9cab096-5c9a-47f1-b281-022350ead882,True,openai,gpt-5-nano,high,1,1
e4c60c5d-91e2-4606-b1f0-399ee2b0a3dc,True,anthropic,claude-opus-4-1-20250805,high,1,5
6a1f2e41-f102-4394-9f98-8026eb0c3ce8,True,openai,gpt-5-nano,high,1,1
bd85c138-4b83-4b5e-9acb-72686a0119c6,True,openai,gpt-5-nano,high,1,1
d660b730-1d3e-483b-b5c7-8e19befe126d,True,openai,gpt-5-nano,high,1,1
0023b972-9299-4b22-ab07-89896a74c835,True,openai,gpt-5-nano,high,1,1
50bbc014-1ce7-4d44-99b0-1a8f9701b702,True,openai,gpt-5-nano,high,1,1
548408df-266a-4170-9050-c9baee90a12f,True,openai,gpt-5-nano,high,1,1
8b3c58fc-23af-4bf5-885f-bf6f6e473a33,True,openai,gpt-5-nano,high,1,1
cfedefbf-3db2-4c26-be93-37dad8ce4220,True,anthropic,claude-sonnet-4-20250514,high,1,6
f586836c-f0f5-4d43-a588-022405863a75,True,openai,gpt-5-nano,high,1,1
afb709ad-43ad-4149-bdc3-0be47592cdf8,True,openai,gpt-5-nano,high,1,1
dd04866b-d6cd-43a2-90bd-9280db874804,True,openai,gpt-5-nano,high,1,1
efe8b735-8015-46fb-90aa-041884b7cc2c,True,openai,gpt-5-nano,high,1,1
473bb51c-b039-4bfb-999e-d3d7ecd09548,True,openai,gpt-5-nano,high,1,1
d24b5c4c-1515-4b8d-ad6f-66bb8679ad07,True,openai,gpt-5-nano,high,1,1
7f03eea3-baff-44bd-a38b-f624cb46b727,True,openai,gpt-5-mini,high,1,2
a2d7f60f-a4c8-42db-9a21-62d1cbd61e3d,True,openai,gpt-5-nano,high,1,1
03e87a1b-f59f-4d74-9500-9aa328f6f29b,True,anthropic,claude-opus-4-1-20250805,high,1,5
f5921677-d4c4-4dc2-a293-2dd5edf74663,True,openai,gpt-5-nano,high,1,1
c1e5f177-e243-4f87-a10a-73c6baeb92ee,True,openai,gpt-5-nano,high,1,1
a89e1748-f912-4e10-8588-364e5a34d132,True,openai,gpt-5-nano,high,1,1
f34b6225-360e-4bea-8e09-b1d9cd649904,True,openai,gpt-5-nano,high,1,1
ac36027c-5464-4c5e-8bd7-b685e78b2c58,True,openai,gpt-5-nano,high,1,1
32ddf2ea-057b-47ab-a0d9-900e123c7a21,True,openai,gpt-5-nano,high,1,1
9030d4d7-9cdd-4936-ba02-d1395b7a0b77,True,openai,gpt-5-nano,high,1,1
fc2aaa1a-baa1-473e-9b9c-39b26ac4e098,True,openai,gpt-5-nano,high,1,1
53f5a74f-0e68-46bb-bf28-53c8444d969f,True,openai,gpt-5-mini,high,1,2
f2cba2a6-d3ba-4ff2-a3fe-6cdb0eec656b,True,openai,gpt-5-nano,high,1,1
24e4e102-8a09-4546-9852-3afbc197f7bb,True,openai,gpt-5-nano,high,1,1
eced5a35-5aca-49b6-9216-88328b043717,True,openai,gpt-5-nano,high,1,1
be4edd72-830c-4056-b097-0eaf7b97beae,True,openai,gpt-5-nano,high,1,1
3048bb08-b3ea-4235-bf78-edbdd50eb59d,True,openai,gpt-5-nano,high,1,1
6710da15-fed6-42c6-8c4f-55db535ac296,True,openai,gpt-5-nano,high,1,1
228aab38-fb34-4ff2-9bab-2617d30dcdc6,True,openai,gpt-5-nano,high,1,1
b890a124-7c46-4a48-819e-6e2dd2221021,True,openai,gpt-5-nano,high,1,1
4abeaac6-7ce4-42f2-b915-5bc0122221ae,True,openai,gpt-5-nano,high,1,1
359a57f1-b64c-4713-b39a-9ec214f0530b,True,openai,gpt-5-nano,high,1,1
37dced10-c806-4477-b0d7-4d87d637716e,True,openai,gpt-5-nano,high,1,1
fc01441c-5630-4795-8b38-33f0eb5ba44d,True,openai,gpt-5-nano,high,1,1
5bfc23b1-65a0-49d2-8c6b-fd9dcfe9a580,True,openai,gpt-5-nano,high,1,1
23fcb45d-cb6b-4229-98c2-34b1c350da0b,True,openai,gpt-5-nano,high,1,1
a1ed9034-dad2-4d42-8d06-9b18d5540bcf,True,openai,gpt-5-mini,high,1,2
de7e1a38-10c8-4751-beff-0472ea3f8b80,True,openai,gpt-5-mini,high,1,2
57375ce0-b182-41ef-98d1-d2f5c3cc67a6,True,openai,gpt-5-nano,high,1,1
de34232f-fcbb-4e3b-b1b3-31e7e8fb6fd1,True,openai,gpt-5-nano,high,1,1
da970c67-8427-422d-9f86-93b7618d4ae6,True,openai,gpt-5-nano,high,1,1
e2b514dd-a014-4f40-9473-98189f424390,True,openai,gpt-5-nano,high,1,1
9ba05bdf-dda0-4439-899b-e3ffcb2af561,True,openai,gpt-5-nano,high,1,1
7eedfafa-4937-42ff-9e24-76e59e9ce676,True,openai,gpt-5-nano,high,1,1
ee604b2f-72e4-4d5b-ba58-77cb9541d87b,True,anthropic,claude-opus-4-1-20250805,high,1,5
5edfa50d-7a15-4929-a9ac-fb26400273a2,True,openai,gpt-5-nano,high,1,1
9e705a34-3d8b-4598-81c9-c66f1328954e,True,openai,gpt-5-nano,high,1,1
eb9a1269-c958-4a6b-9837-403288e8a66b,True,openai,gpt-5-nano,high,1,1
cf942c60-dbc1-4bea-a95c-64203f9792ef,True,openai,gpt-5-nano,high,1,1
a2e25ba3-39e9-41eb-8932-6aa1c7e5f779,True,openai,gpt-5-mini,high,1,2
6be5d49a-09e2-4fe4-bcc8-f960ed410260,True,openai,gpt-5-nano,high,1,1
dfd6ea89-e39f-4ff1-84ea-4475f87d4185,True,openai,gpt-5-nano,high,1,1
701e35ac-7a61-49d4-b3af-3fed56de13b4,True,openai,gpt-5-nano,high,1,1
e0c23702-6b1d-431c-82b3-46a7fac1d1ef,True,openai,gpt-5-mini,high,1,2
f3e3f323-649f-4ca5-bcfe-60f4ac001070,True,openai,gpt-5-nano,high,1,1
d8625eaa-781c-4f34-b912-cd584b159ae0,True,openai,gpt-5-nano,high,1,1
e3279b35-e110-440f-b036-535fbd746476,True,openai,gpt-5-nano,high,1,1
b2cf020b-9182-4147-823b-27376d99f77a,False,,,,0,11
bdb06a0f-c510-4a77-b97b-9aa2aea6c373,True,openai,gpt-5-nano,high,1,1
fa938854-c150-4ce0-9d27-b7cec528773b,True,openai,gpt-5-nano,high,1,1
e2100ca5-37ea-488b-a873-a7efc821770b,True,openai,gpt-5-nano,high,1,1
207f1dca-b8ee-4186-9764-b3a31dffd974,True,openai,gpt-5-nano,high,1,1
c9679d77-3c0d-4c2a-beac-1d3ae3605ff9,True,openai,gpt-5-mini,high,1,2
9b723c98-e444-4179-b94f-00fc9e62fb97,True,anthropic,claude-opus-4-1-20250805,high,1,5
cc9b96db-d9fa-4e82-a954-62a9183b565f,True,openai,gpt-5-nano,high,1,1
ff281c87-86dd-488d-8ff7-cb70ae2d7303,True,openai,gpt-5-nano,high,1,1
964b287a-6eba-4a33-a48c-e9d7d483dd55,True,openai,gpt-5-mini,high,1,2
ce9d6426-3fcb-4fbd-9d5f-43f9846bb2bd,True,openai,gpt-5-nano,high,1,1
bea91929-e47a-4513-893b-bd529de80bd7,True,openai,gpt-5-nano,high,1,1
44ffd5b3-efe6-4675-a1ab-8c0397a4b76b,True,openai,gpt-5-nano,high,1,1
16a956c7-65fb-46c0-b1f4-3d868f6ee6e0,True,openai,gpt-5-nano,high,1,1
39e1b992-983c-4d78-a749-9571bf88e6d3,True,openai,gpt-5-nano,high,1,1
9e48a67d-7505-4c37-9f4b-6d208445841c,True,openai,gpt-5-nano,high,1,1
2ca2471a-4469-4b59-9a57-ab8c76a71838,True,openai,gpt-5-nano,high,1,1
66aaa059-7876-42f6-9845-11c68736619a,True,openai,gpt-5-nano,high,1,1
a02e7d16-e967-4c87-8c4a-adee7d055393,True,openai,gpt-5-nano,high,1,1
33af3e10-de5d-4089-ae77-937dc1f91a52,True,openai,gpt-5-nano,high,1,1
5dbb03eb-c394-470e-a8e1-0e58006072cd,True,openai,gpt-5-nano,high,1,1
8e7d3640-935f-40f0-8624-3d5ce85d68ea,True,openai,gpt-5-nano,high,1,1
5c6d1a5f-47ba-46ab-a2fd-28f9a6ac2d59,True,openai,gpt-5-nano,high,1,1
3e834775-e3f8-48e0-9e82-b5db1f29468f,True,openai,gpt-5-nano,high,1,1
f045cd5e-a7f4-4430-8d5f-a0e513f2d87f,True,openai,gpt-5-nano,high,1,1
54e8f7bc-c22d-416a-a23a-ee50452c0e47,True,openai,gpt-5-nano,high,1,1
eecca825-d66b-4861-a565-e6a41600223c,True,openai,gpt-5-nano,high,1,1
94b0d86d-a2ea-48ea-8146-cf42b59cfde9,True,openai,gpt-5-nano,high,1,1
2f47eb5c-6100-4626-bd2d-709bbe940462,True,openai,gpt-5-nano,high,1,1
dfef8bf7-3707-4ae7-ae5b-90809d4e8df2,True,openai,gpt-5-nano,high,1,1
4eb434d4-15ea-4401-8831-ef4b643df458,True,openai,gpt-5-nano,high,1,1
58df10f1-55fa-4782-be42-9d042673e4ad,True,openai,gpt-5-nano,high,1,1
d45675db-904f-4780-aa44-f7c230539c9f,True,openai,gpt-5-mini,high,1,2
82b87c88-10ac-4bf8-a8e8-7adbe5b7a97c,True,openai,gpt-5-nano,high,1,1
d0f319b0-fbec-42ac-a40e-99a2da83d950,True,openai,gpt-5,low,1,3
8b7bc7bd-baed-47ae-8503-de94f5a1b5da,True,openai,gpt-5-nano,high,1,1
ea0ee2dc-5052-4594-9efa-62072415a67f,True,openai,gpt-5-nano,high,1,1
2a2e9931-7d72-4878-8bc0-85217d05c685,True,openai,gpt-5-nano,high,1,1
f158de80-ab6a-4339-b112-f5a9099ad320,True,openai,gpt-5-nano,high,1,1
a832780c-f422-478a-b584-879c61736d3c,True,openai,gpt-5-nano,high,1,1
3ede8ca6-2794-4532-8972-641f2c85a8ec,True,openai,gpt-5-mini,high,1,2
3f7a284a-286d-412f-b35f-6f3a861ee9d0,True,openai,gpt-5-nano,high,1,1
5b0e574f-40da-4631-b6be-1200a52a61c9,True,openai,gpt-5-nano,high,1,1
4e51699b-2900-4bf1-a937-9fc672890a88,True,openai,gpt-5-nano,high,1,1
835ccf5d-f0ac-4bef-a7bb-6f29374c633d,True,openai,gpt-5-nano,high,1,1
13bdf8d7-6eaa-4ab8-b4ec-65e4a50517a2,True,openai,gpt-5-nano,high,1,1
2ed35788-a07b-45aa-81ea-1b185ba84aa8,False,,,,0,11
4e568aa6-a9a7-459c-af8e-40fcd2252c7d,True,openai,gpt-5-nano,high,1,1
1b758c03-915e-4d44-a9db-2e3cafb7a4bd,True,openai,gpt-5-nano,high,1,1
88d9d376-1363-4489-bf8d-d50331230aef,True,openai,gpt-5-mini,high,1,2
5b2cc934-3ea6-4b71-8e67-3f5bc45bd80e,True,openai,gpt-5-nano,high,1,1
0ccd6674-1911-4c8c-af2c-c37fb4e396e9,True,openai,gpt-5-nano,high,1,1
8af4fcc6-c797-4136-9b3e-09dd057261e1,True,openai,gpt-5-mini,high,1,2
2db1b796-4a3c-498f-b6e0-24495f8269c9,True,openai,gpt-5-mini,high,1,2
45d8b1be-1e62-476a-8e9d-512509fb26cc,True,openai,gpt-5-nano,high,1,1
3fdf475c-0b29-4ebf-8b78-736b2a43f28e,True,openai,gpt-5-nano,high,1,1
1b7d377f-f40a-40cb-85ee-1cb4ef0780d5,True,openai,gpt-5-nano,high,1,1
e42b463c-f297-4c4c-ad6b-93940726d279,True,openai,gpt-5-nano,high,1,1
8cdfd393-d961-4fb7-a2b3-4d62cf948d8b,True,openai,gpt-5-nano,high,1,1
098ffba9-9af6-43d5-b09c-726d6d1ff0c4,True,openai,gpt-5-nano,high,1,1
d7ce6e7a-4d63-4218-9b04-2eb541080cef,True,openai,gpt-5-mini,high,1,2
4ed8f861-1f93-4678-b157-a25397f75145,True,openai,gpt-5-nano,high,1,1
c96f9a75-3397-4d7a-bc7f-672ba4e03eb5,True,openai,gpt-5-nano,high,1,1
3bd55ca0-1a40-4084-a1d2-1dc6474fb222,True,openai,gpt-5-nano,high,1,1
f6179a3a-dd53-49ef-8a24-3d519ba82a41,True,openai,gpt-5-mini,high,1,2
e36520f3-1c27-4dcb-9dcb-6c96933c9540,True,openai,gpt-5-nano,high,1,1
51eae746-6981-4584-b8d5-a4d4ffcc1807,True,openai,gpt-5-nano,high,1,1
d3d82226-0016-42c2-99c6-a1b07889c3c9,True,openai,gpt-5-nano,high,1,1
9a5a7304-df82-4490-8143-8b5938b0044b,True,openai,gpt-5-nano,high,1,1
fd06bba3-3fe4-450b-b2df-f9fe5b672bb6,True,openai,gpt-5,low,1,3
8850b2ed-2c08-4c45-91b9-9c7c59ca86cb,True,openai,gpt-5-nano,high,1,1
6c5fe3db-509b-4203-82d0-80adc7dbece0,True,openai,gpt-5-nano,high,1,1
d23057f9-fad7-4d67-821e-a9fb85cd1404,True,openai,gpt-5-nano,high,1,1
8d09640f-4609-40c5-bfb8-c77010606dd9,True,openai,gpt-5-nano,high,1,1
d0662616-d89b-4515-b155-41a4a6df6dd4,True,openai,gpt-5-nano,high,1,1
92d8bf24-e174-4d23-9d26-0d2022236102,True,openai,gpt-5-nano,high,1,1
5c88789f-384b-4953-8380-d1a3a6838e92,True,openai,gpt-5-nano,high,1,1
e909bf20-7223-47f3-bc6e-b9854c710c96,True,openai,gpt-5-nano,high,1,1
dc8c46ab-2c58-48fb-9bfb-f10432672400,True,openai,gpt-5-nano,high,1,1
40ad392b-1f61-48bd-891c-c60b60a07be0,True,openai,gpt-5-nano,high,1,1
49b39257-15f2-4948-bc96-94574ba6bbd2,False,,,,0,11
d8bb94b5-b2e3-4845-9918-55a74b07514f,True,openai,gpt-5-nano,high,1,1
e6d9bb48-4a3a-44b2-a3cb-c238f43a5088,True,openai,gpt-5-nano,high,1,1
4d143961-518a-4783-8208-d4619aad1e2a,True,openai,gpt-5-nano,high,1,1
031aa916-67ed-4438-b0da-4180e2912969,True,openai,gpt-5-nano,high,1,1
df7a362d-c1b4-4d18-8b5c-b95e6df1599b,True,openai,gpt-5-nano,high,1,1
36ad0e87-196d-4100-9fc7-b69d0a52a971,True,openai,gpt-5,low,1,3
0df6f1a5-a8b1-46b5-bb2c-2e7c8cf2aca7,True,openai,gpt-5-nano,high,1,1
a1e26b8a-0771-4707-918c-9190fa393088,True,openai,gpt-5-nano,high,1,1
640af3b3-f4ca-444b-a671-ea4f39fe2058,False,,,,0,11
e49daa57-7505-4d8a-9311-f728a4604d0c,True,openai,gpt-5-nano,high,1,1
0a5bc36e-e9ac-4f61-901a-39fe7369c443,True,anthropic,claude-opus-4-1-20250805,high,1,5
fb35127a-4c06-4ef0-b8cf-3e490055f2c8,True,openai,gpt-5,low,1,3
8d29da05-2d3e-4b08-90e2-7f33bb718b15,False,,,,0,11
aa10514c-88fc-4598-b602-8c3c12815aef,False,,,,0,11
1afa68a7-d507-4b44-ba81-248e4337689f,True,openai,gpt-5-nano,high,1,1
f725e718-0f62-4050-972e-49130d8c3540,True,openai,gpt-5-nano,high,1,1
9792a0f1-a3bd-492f-af6f-12143f47c1d4,True,openai,gpt-5,low,1,3
b312fec5-078c-4292-9cff-ce968e495c2d,True,openai,gpt-5-nano,high,1,1
4e2fb605-543d-4463-9077-3f28d4759974,True,openai,gpt-5-nano,high,1,1
0a9d361d-1937-4104-a5e9-bf4071e300c9,True,openai,gpt-5-nano,high,1,1
326dcbb6-2dd0-4f54-95c5-ced92cba6704,True,openai,gpt-5-nano,high,1,1
1e012ec1-e18c-45d0-83f9-19ce94a9bc83,True,openai,gpt-5,low,1,3
a95f2a88-5b6d-48b6-bb4b-42d059bd0550,True,openai,gpt-5-nano,high,1,1
799c4723-dc5e-4ea8-a932-ae600c54a377,True,openai,gpt-5-nano,high,1,1
84752d94-4d62-4972-a5ef-0d36cb8bdf7e,True,openai,gpt-5-nano,high,1,1
914e45e0-0f5f-4c0a-a8d9-02abaf9ecda8,True,openai,gpt-5-mini,high,1,2
2137365d-f66e-405a-b326-e2ca95b2b836,False,,,,0,11
0b456b1b-dfea-47ec-bbd9-c4cb678f851d,True,openai,gpt-5-nano,high,1,1
7503423f-75b1-4139-986f-8ab192cf2912,True,openai,gpt-5-nano,high,1,1
b1815753-42ee-4b7a-9d0d-b4ce1281c9ec,True,openai,gpt-5-nano,high,1,1
bbb0f5fc-86ab-4ced-96cc-32dc0d0f5408,True,openai,gpt-5-mini,high,1,2
9b4eabb1-16e6-4799-8df4-4e0d440e80ff,True,openai,gpt-5-nano,high,1,1
b21cf84e-8d21-4f7c-9df9-35d6eb239edc,True,openai,gpt-5-nano,high,1,1
09dff0e3-09b9-4787-af76-3aca593ef59e,True,openai,gpt-5-nano,high,1,1
f64d099c-f5bb-4654-bdd1-b1824a081b3e,True,openai,gpt-5-nano,high,1,1
f7e3eb1b-a31e-4854-bf4a-462d8b814095,True,openai,gpt-5-nano,high,1,1
ae9115d4-224b-488a-9be6-1abd53b293ad,True,openai,gpt-5-nano,high,1,1
8b86672c-59b8-4179-9e06-c230446691c6,True,openai,gpt-5-nano,high,1,1
66a0eba2-928e-4d1b-81e5-13c9671e502b,True,openai,gpt-5-nano,high,1,1
56b5db33-0fdb-445a-9185-6d1916ee213d,True,openai,gpt-5-nano,high,1,1
255b7193-e41a-4360-bae3-51b3af444f43,True,openai,gpt-5-nano,high,1,1
1ab9267f-03f5-4059-9317-c797fa0a85e6,True,openai,gpt-5-mini,high,1,2
402a2386-efc0-4f69-a09d-0ed84f8853fa,True,openai,gpt-5-nano,high,1,1
3b2396bc-8c2b-4f69-b6b1-da7b3b1fb1d0,True,openai,gpt-5-nano,high,1,1
f82b139f-808f-4d39-84ab-047d5e271d38,True,openai,gpt-5-nano,high,1,1
45fb3300-530b-4893-9115-00fdfa85ffc1,True,openai,gpt-5-nano,high,1,1
ef40da69-d81d-4e43-a7b3-3272fedb41ab,True,openai,gpt-5-nano,high,1,1
462a2a47-f1fc-42d2-9f86-71cdefd018ff,True,openai,gpt-5,low,1,3
62404d69-110d-4996-ae61-d307a403dbe6,True,openai,gpt-5-nano,high,1,1
f29c469c-195f-4eb3-9f21-491982b3ff73,True,openai,gpt-5-nano,high,1,1
5acb69fd-15e6-4bff-82af-5525653ab9e7,True,openai,gpt-5-mini,high,1,2
60a9d1b7-4357-41f7-a57e-a35e5c8eb3fc,True,openai,gpt-5-nano,high,1,1
7cfbcf91-c3ad-43cf-b7c9-2e8e81d728dc,True,openai,gpt-5-nano,high,1,1
970181e5-b346-4a36-a361-5a3bb078a086,True,openai,gpt-5-nano,high,1,1
ff60e063-94dc-496d-afe7-6254603ad176,True,openai,gpt-5-nano,high,1,1
6dfd5ab1-7d01-45f0-9ef7-04bc6fa92f90,True,openai,gpt-5-nano,high,1,1
04e7987d-f8ca-42c4-b5aa-3c815dee3a1e,True,openai,gpt-5-nano,high,1,1
6de5ff40-442e-4056-a8a9-61bdb61af638,True,openai,gpt-5-nano,high,1,1
3a16812b-f7ac-4cd6-9899-cb5a9efb3363,True,openai,gpt-5-nano,high,1,1
a1d3bea4-a072-4531-93cf-00e496e7da6d,True,openai,gpt-5-nano,high,1,1
8b497148-def7-42f9-bfde-bba9e2c551b9,True,openai,gpt-5,low,1,3
f7f76005-5491-4e54-85c4-e84b117ebcc9,True,together,Qwen/Qwen3-235B-A22B-Thinking-2507,high,1,9
8c36bce6-c964-4d98-b0c9-cbfde81cca58,True,openai,gpt-5-nano,high,1,1
db0b4ee0-da15-4e7d-800b-0911e23aa487,True,openai,gpt-5-nano,high,1,1
6eb6dded-8b29-4ec2-a991-3b3d876cd79e,True,openai,gpt-5-nano,high,1,1
4ba62fa4-6d3a-43e0-acba-e51753bd6a50,True,openai,gpt-5-nano,high,1,1
63e76315-4c92-46ee-9c0a-d7d02eaae489,True,openai,gpt-5-nano,high,1,1
9d06a7a3-a8de-4ac4-b5a3-16e09469d14b,True,openai,gpt-5-nano,high,1,1
2d82d840-398f-4774-8f27-6b94b7e79764,True,openai,gpt-5-nano,high,1,1
8370552f-84ed-48b9-82ea-af73e9ac6f95,True,openai,gpt-5-nano,high,1,1
b0f9b6ec-7608-41bf-9416-f5a107f011e1,True,openai,gpt-5-nano,high,1,1
cde402ad-7602-4733-9ce8-686897a5c492,True,openai,gpt-5-nano,high,1,1
356e62fe-18db-43f5-8f69-2698ca71b603,True,openai,gpt-5-nano,high,1,1
54bc5d1a-0292-4c1f-a91c-6535ec0aa517,True,openai,gpt-5-nano,high,1,1
fc48b3d3-51a1-4dda-9567-6bc3789a2e31,True,openai,gpt-5-nano,high,1,1
046df78b-dd47-4cba-94d0-dbbebd4f2204,True,openai,gpt-5-nano,high,1,1
07d71791-81ce-413f-8c24-ad9d121f31eb,True,openai,gpt-5-nano,high,1,1
22c415b3-dca4-4ef1-8725-1f627b180043,False,,,,0,11
21b54914-14d0-4975-b282-19a4b587f490,True,openai,gpt-5-nano,high,1,1
9a70688c-09c6-4ed2-b2cf-a1597e3f3456,True,openai,gpt-5-nano,high,1,1
327083da-605e-4eb6-ae8e-cb0511b211e4,True,openai,gpt-5-nano,high,1,1
ea38ab3f-a066-41f2-95d4-47e5d7b02080,True,openai,gpt-5-nano,high,1,1
e62d0cbd-a2e3-4dee-bf06-05cc4f28adec,True,openai,gpt-5-nano,high,1,1
0a231df2-853f-4348-8e79-737d38c48fea,True,openai,gpt-5-mini,high,1,2
3bd3d0fe-8aa8-41b2-98f8-5e2f992a51f0,True,openai,gpt-5-nano,high,1,1
1564fb6a-12e9-44d8-b7ad-eafb3049400a,True,openai,gpt-5-nano,high,1,1
5889b796-3e68-4444-aa6b-c4c3bfb944f1,True,openai,gpt-5-nano,high,1,1
3f33cca1-6bf6-4c21-a553-5e5137deddd7,True,openai,gpt-5-nano,high,1,1
04f60046-d3a5-42e4-8e23-8676d1bc37a9,True,openai,gpt-5-nano,high,1,1
7ff0e90f-1cdc-4fa1-81b4-a6515cd34b4f,True,openai,gpt-5-nano,high,1,1
3419158d-b17a-42da-8d82-2c5da16b6985,True,together,Qwen/Qwen3-235B-A22B-Thinking-2507,high,1,9
dbe6fed8-54cb-4e31-85fa-a93e204899df,True,openai,gpt-5-nano,high,1,1
1058741c-9211-4a0f-84f7-cfad065b9216,True,openai,gpt-5-nano,high,1,1
59e559a0-6d7f-4139-93c6-5bd185839dbe,True,openai,gpt-5-nano,high,1,1
06c2f9dc-a948-411f-850e-b485528fdb28,True,openai,gpt-5-nano,high,1,1
39c54646-dcd7-4843-bda7-c2d5a2d4cff4,True,openai,gpt-5-nano,high,1,1
2026f71c-45ee-409a-a5ef-7da7509b23a5,True,openai,gpt-5-nano,high,1,1
19ffc221-4c0e-4ca6-a5f9-a6ce054a01b5,True,openai,gpt-5-nano,high,1,1
d32530f3-5759-4649-9ae8-40046b041558,True,openai,gpt-5-nano,high,1,1
bc3acb47-05aa-464f-a09b-5d3f81985e8a,True,openai,gpt-5-nano,high,1,1
b05a2deb-5358-49dd-be28-386cb7497415,True,openai,gpt-5-nano,high,1,1
6417e8f7-2f89-4cac-964b-612d93fd5d17,True,openai,gpt-5-nano,high,1,1
1bc69bb1-fe00-4667-ba97-1dce624b3c48,True,openai,gpt-5-nano,high,1,1
aa5ab0aa-5e87-4a8f-b940-733ec7537225,True,openai,gpt-5-nano,high,1,1
933425ef-94ec-4572-8de9-651fc9757d2d,True,openai,gpt-5-nano,high,1,1
f3b0b4c1-6912-4ef0-8d68-a3b768cb9d1f,True,openai,gpt-5-nano,high,1,1
69926dc3-9e51-494f-a5c1-d677f8aa4fc0,True,openai,gpt-5-nano,high,1,1
a1717f18-a297-4349-b546-2461bf5a7ab8,True,openai,gpt-5,low,1,3
c28a4d44-ea6f-48a3-b755-26c076a33206,True,openai,gpt-5-nano,high,1,1
d1edffb4-3eb9-4891-8905-f2d531bda0f8,True,openai,gpt-5-nano,high,1,1
b581af4a-832a-41a3-9e37-f70586fbd738,True,openai,gpt-5-nano,high,1,1
2ff39963-cca2-451b-be81-d506133ac290,True,openai,gpt-5-nano,high,1,1
6aab5349-1f69-4973-96d7-f8e2411b4cc4,True,openai,gpt-5,medium,1,4
3a727e2e-40d5-4c96-9e7b-d8d7ce84a566,True,openai,gpt-5-nano,high,1,1
d759d6a6-b074-4f82-a880-1467602c25b2,True,openai,gpt-5-nano,high,1,1
0c75764b-1586-4804-8b52-22fcc3d35446,True,openai,gpt-5-nano,high,1,1
24a4dc8f-1c62-4374-916f-bb375f593f32,True,openai,gpt-5-mini,high,1,2
5575a3c5-bca6-4c49-b7fa-0e5c8537ab17,True,openai,gpt-5-nano,high,1,1
4fece983-616a-4b12-92c2-53d88eebdd02,True,openai,gpt-5-mini,high,1,2
30b39276-d2ed-4394-a8d5-a39cb5be67e1,True,openai,gpt-5-nano,high,1,1
ed8e0d08-e556-4132-9545-beb2a7addedd,True,openai,gpt-5-nano,high,1,1
0ec3e74d-3b9e-4e2d-ac7b-c2efe3153213,True,openai,gpt-5-nano,high,1,1
4b0da5d6-9890-4517-87ef-3057c37872ff,True,openai,gpt-5-mini,high,1,2
cedae181-6f9d-4b85-941f-f9624cb1c0fc,True,openai,gpt-5-nano,high,1,1
d8e5cd29-7137-4cbf-bb9d-f3d307cab519,True,openai,gpt-5-nano,high,1,1
436753b4-ebb4-47d0-8d2d-43e907821350,True,openai,gpt-5-nano,high,1,1
b6122d5f-4bac-4896-bec6-1724bd6fc148,True,openai,gpt-5-nano,high,1,1
869539a1-d3e0-4ecd-bc57-7339b410cd58,True,openai,gpt-5-nano,high,1,1
ca16b7e7-12c8-4540-b804-ec896b05df87,True,openai,gpt-5-nano,high,1,1
346c1b52-a894-4bf0-83bc-59b1a9b481a4,True,openai,gpt-5-nano,high,1,1
27e4a641-7f61-41dc-ab6b-6ed0c8de3d6d,True,openai,gpt-5-nano,high,1,1
2d01a342-7f3a-4e8d-a1b9-6611db20dc36,True,openai,gpt-5-nano,high,1,1
ebdd2bc3-b4cf-40bc-8c6e-cef2e0ab35a8,True,openai,gpt-5-nano,high,1,1
b5a1f9f8-5f10-4b6d-b2a3-05c8826fdee8,True,openai,gpt-5-nano,high,1,1
39298c04-f4c7-4bfc-8b1f-f5a0c1cdf74d,True,openai,gpt-5-nano,high,1,1
bf38c153-2686-4027-bcad-bd0a6dd40ad6,True,openai,gpt-5-nano,high,1,1
71e04a61-5354-478b-915e-b2fb347a7913,True,openai,gpt-5-nano,high,1,1
ada8e3b6-e730-4a37-aa6e-31103a0ffa47,True,openai,gpt-5-nano,high,1,1
fa4e43c4-45ce-4343-81e9-068c9161d073,True,openai,gpt-5-nano,high,1,1
45d58ea8-545b-4649-8843-85564cd04112,True,openai,gpt-5-nano,high,1,1
760b5202-e106-4834-aa49-91471a131758,True,openai,gpt-5-nano,high,1,1
ea205f55-5408-467c-b362-7b77fd23214e,True,openai,gpt-5-nano,high,1,1
7071c7ae-7dd0-4892-8b40-ee58721caf1a,True,openai,gpt-5-nano,high,1,1
ecac01d0-04c1-426c-b20b-0814e1dbccc9,True,openai,gpt-5-nano,high,1,1
bc361ef1-a5f3-4e5d-acbf-78fcf8ef6d46,True,openai,gpt-5-nano,high,1,1
b50b444b-24d4-482e-a7ed-b8141277aa17,True,openai,gpt-5-nano,high,1,1
bc325be3-fe9e-4161-86cc-ec084419bce3,True,openai,gpt-5-nano,high,1,1
80ada492-7ab8-43b6-b1fc-62672d5eee59,True,openai,gpt-5-nano,high,1,1
bb851db3-84ae-4320-b53c-46e0c2f39794,True,openai,gpt-5-nano,high,1,1
61a60c54-4e71-4211-b737-6df653f38325,True,openai,gpt-5-nano,high,1,1
5397832d-ab2f-4267-b723-cb199c1141f4,True,openai,gpt-5-mini,high,1,2
7a4a5245-a5e6-4b48-b625-352ccd6f352a,True,openai,gpt-5-nano,high,1,1
1c8a6ea3-7ad3-49b3-b9d6-484f3b70ffb0,True,openai,gpt-5-nano,high,1,1
a5299d7e-8651-4e00-928c-f04aa2a66ad8,True,openai,gpt-5-nano,high,1,1
39ac7ab1-ab7c-46b3-9e65-18f845a7870d,True,openai,gpt-5-nano,high,1,1
f0d35c90-72d3-4b0c-b857-72cb771a1c05,True,openai,gpt-5-nano,high,1,1
fb403b27-13a3-4a74-8a87-39f041f415bb,True,openai,gpt-5-nano,high,1,1
59f93693-e28c-4970-9f8d-03ed3a35bc30,True,openai,gpt-5-nano,high,1,1
bf90c0d4-1f9e-46f2-a02e-78a51a2ff2ad,True,openai,gpt-5-nano,high,1,1
2349205c-df23-410e-9227-845f293f54fb,True,openai,gpt-5-nano,high,1,1
a9c90b97-5b2f-4568-8b7c-efa720dd5c17,True,openai,gpt-5-nano,high,1,1
96cb47b9-f365-464e-a19a-a00f0ce29702,True,openai,gpt-5-nano,high,1,1
d61f243f-0f64-491d-9cd0-957412dfd7b8,True,openai,gpt-5-nano,high,1,1
ea92e288-2641-4801-a265-79c951cfab20,True,openai,gpt-5-nano,high,1,1
16f72c86-fb2a-4d41-b74c-d6329f06a12f,True,openai,gpt-5-nano,high,1,1
2cf65f0f-7152-424d-8540-6d2b8a9d5095,True,anthropic,claude-opus-4-1-20250805,high,1,5
f69ddfa4-3028-424a-8d2e-e25167d659ad,True,openai,gpt-5-nano,high,1,1
eefad672-1574-45bb-9b8a-2a369b55a3df,True,openai,gpt-5-nano,high,1,1
ee44e37c-a5a4-42bd-8c46-d59c739098be,True,openai,gpt-5-nano,high,1,1
01ccbb52-1340-4296-85e2-adb282580ee1,True,openai,gpt-5-nano,high,1,1
56f97e50-4cf6-4a98-b4eb-44c179e45d0d,True,openai,gpt-5-nano,high,1,1
8c318283-42bb-4205-980c-74c403b8f29e,True,openai,gpt-5-nano,high,1,1
6ae954e4-dbef-4893-92a8-38dd2de38985,True,openai,gpt-5-nano,high,1,1
c417d9d7-6eda-4bc1-8d9d-0ef6d5edab16,True,openai,gpt-5-nano,high,1,1
5c314944-c9a9-4583-900b-1cf0e6157620,True,openai,gpt-5-nano,high,1,1
c175b815-a4ee-46fe-bb50-e24b279f6cf4,True,openai,gpt-5-nano,high,1,1
c36e8c95-1a01-44f5-b103-142ee3cc90a3,True,openai,gpt-5-nano,high,1,1
fd0ec803-a159-493f-a25b-9826cc0f7c58,True,openai,gpt-5-nano,high,1,1
070ac720-f60e-486e-ab72-6a4569a8cd4a,True,openai,gpt-5-nano,high,1,1
c236e3e0-2a8c-44ba-a5e1-bf10c43b54e9,True,openai,gpt-5-nano,high,1,1
c3afeae8-7edc-4940-a198-e61a34d5c2bf,True,openai,gpt-5-nano,high,1,1
3170573f-50d5-4c73-a395-a85e5ef06a7c,True,openai,gpt-5-nano,high,1,1
d07f2a7e-9e09-4820-aa61-db3d7db373b3,True,openai,gpt-5-nano,high,1,1
4dd4dbf5-b19a-4f20-9959-964f17fccbd0,True,openai,gpt-5-nano,high,1,1
66749c8b-bc59-4971-b860-0730b2ae8e57,True,openai,gpt-5-nano,high,1,1
1401e4a2-5e1d-45f6-bb42-c0ae6e42b18b,True,openai,gpt-5-nano,high,1,1
b1d02d52-bbc3-4e29-b01e-317beb163fd7,True,openai,gpt-5-nano,high,1,1
a6b4cfb7-0af7-4bbb-bdfe-86ba3659b422,True,openai,gpt-5-nano,high,1,1
655adc86-ac04-44e3-9b9b-7dac3ff9a2c5,True,openai,gpt-5-nano,high,1,1
0e831b83-4262-4a34-8bb5-1a0d04b044f4,True,openai,gpt-5-nano,high,1,1
d8527f35-53c5-4620-bef7-4bdac57dbc38,True,openai,gpt-5-nano,high,1,1
9522a3a7-f67b-499b-a512-2ac98fcb458c,True,openai,gpt-5-nano,high,1,1
4e999bfd-990c-46dc-888a-6b34f8957612,True,openai,gpt-5-nano,high,1,1
cdf03170-171e-4e51-aece-a07abc5c3fa2,True,openai,gpt-5-nano,high,1,1
5d291854-0f32-45b1-a558-b7984c539440,True,openai,gpt-5-mini,high,1,2
429f181c-9892-47db-b453-514d2567c217,True,openai,gpt-5-nano,high,1,1
4671a988-1885-475d-913f-e357e432aa24,True,openai,gpt-5-nano,high,1,1
0f57af09-eb37-4ef7-a338-261566112950,True,openai,gpt-5-nano,high,1,1
e8843a6e-a2be-47c8-8463-eca6e6385b80,True,openai,gpt-5-nano,high,1,1
f2c427ee-78eb-4977-8bcc-dcb063dd37b8,True,openai,gpt-5-nano,high,1,1
0966a879-fc0c-4231-9bf0-aaf453f727e9,True,openai,gpt-5-nano,high,1,1
647cf5b9-7836-4ce2-ae4a-4b3ac1719541,True,openai,gpt-5-nano,high,1,1
344c0d5a-5189-49aa-9a8b-7c690527d2e7,True,openai,gpt-5-nano,high,1,1
70c80611-db5e-4884-b374-a7cd830e9b8c,True,openai,gpt-5-nano,high,1,1
e7591c53-729f-4833-81f9-b8cf29026e20,True,openai,gpt-5-nano,high,1,1
b686b16d-c2eb-4934-bca0-2ad7b813b31e,True,openai,gpt-5-nano,high,1,1
b335449b-077f-4e36-9b7d-2148ea519f5a,True,openai,gpt-5-nano,high,1,1
ceb9cdcb-1921-4e18-8349-378ce47ad45d,True,openai,gpt-5-nano,high,1,1
afb4e1c1-ad13-4cd4-9f9f-47601dfffd7d,False,,,,0,11
c4e99a32-7066-4456-abab-b58e3dca1c85,True,openai,gpt-5-nano,high,1,1
239f89dc-d41d-457a-9300-3501a00138ec,True,openai,gpt-5-nano,high,1,1
04aeac0e-0edf-47d5-a04e-4c411f7865b5,True,openai,gpt-5-nano,high,1,1
14511b9f-9ec3-4a07-9c46-0848f4f9a7df,True,openai,gpt-5-nano,high,1,1
1b172a5d-2979-46ab-991b-dfaf1069ec12,True,openai,gpt-5-mini,high,1,2
48b39d55-38ca-4674-b29e-851904ebfeac,True,openai,gpt-5-nano,high,1,1
35dd2793-b935-41e5-a998-1a9ed6ec0dcc,True,openai,gpt-5-nano,high,1,1
cdd5a4a8-8ce3-4538-b054-0c2a3071e575,True,openai,gpt-5-nano,high,1,1
39bd57e5-2403-435c-a4c6-24e9c2d6492a,True,openai,gpt-5-nano,high,1,1
0e654141-1d9c-464f-9a9c-39e5709ed588,True,together,moonshotai/Kimi-K2-Instruct-0905,high,1,8
9653d62e-d608-4ea0-81a4-1376574e8ee0,True,openai,gpt-5-nano,high,1,1
cc45a650-ec1b-4be8-babb-f075cf096d4c,True,openai,gpt-5-nano,high,1,1
9829d0e3-61a5-4c34-ab61-ba961a3d8b81,True,openai,gpt-5-nano,high,1,1
7a754d81-e366-4291-ac78-1e3316864e61,True,openai,gpt-5-nano,high,1,1
cfb7fece-3b2e-48ea-9633-f16b2caf2e8e,True,openai,gpt-5-nano,high,1,1
713947d9-e626-4c14-9886-3e6be8ed896c,True,openai,gpt-5-nano,high,1,1
c9ed37e3-952e-4e19-9b21-07ddab1b1a27,True,openai,gpt-5-nano,high,1,1
9a9ba423-8453-48da-833e-22b7607a2658,True,openai,gpt-5-nano,high,1,1
35d1b30b-5de8-4c1c-a983-976c96ad16ce,True,openai,gpt-5-nano,high,1,1
7017fc32-fa57-4adb-8000-159d1e7ea3f9,True,openai,gpt-5-nano,high,1,1
e14fba2b-1554-44cb-999c-7f1e140ce7a3,True,openai,gpt-5-nano,high,1,1
e9a15ba6-593f-4618-b17b-fe6d060295dd,True,openai,gpt-5-nano,high,1,1
979da627-7f6f-49fb-add3-ffadb5c5bf67,True,openai,gpt-5-nano,high,1,1
c4017315-ef21-4b13-9cb1-08419f496946,True,openai,gpt-5-nano,high,1,1
db4bbf0e-c342-444e-aa57-38e504a2dbc5,True,openai,gpt-5-nano,high,1,1
e92566a8-5834-42ea-b4e4-a66a2922b018,True,openai,gpt-5-nano,high,1,1
ac546266-00cb-49a8-ac5e-0b5043207575,True,openai,gpt-5-nano,high,1,1
74f35ed0-aa66-4a6e-84d3-c1b3d4a72ab2,True,openai,gpt-5-nano,high,1,1
728b09a0-9138-4345-8e02-da2c90c240a3,True,openai,gpt-5-nano,high,1,1
e4cb500a-b106-4101-8021-cb54cbc5c4d7,True,openai,gpt-5-nano,high,1,1
6be9262b-218e-4c6e-bbce-5d1d2b819301,True,openai,gpt-5-mini,high,1,2
2454e532-a88c-47d8-8447-fbf7339d6d66,True,openai,gpt-5-nano,high,1,1
8c98186d-eb5e-40ed-9585-8b2a5df758b8,True,openai,gpt-5-nano,high,1,1
1f18f9f3-2f68-48d9-b3b5-0278bc9c3226,True,openai,gpt-5-nano,high,1,1
7706798c-73cd-4a78-90ec-dfc0f8bad93a,True,openai,gpt-5-nano,high,1,1
1539f590-8bce-41cd-9d17-84c596f509e9,True,openai,gpt-5-nano,high,1,1
f116fdc5-6d01-45cb-b74e-aed04ad95a35,True,openai,gpt-5-nano,high,1,1
58e17b17-befa-4430-919c-8aa36cf0dd04,True,openai,gpt-5-nano,high,1,1
1b4b1ac6-8274-4658-a83a-f2fb8079c822,True,openai,gpt-5-nano,high,1,1
89268877-2d96-44e0-a222-b0cefdcfd749,True,openai,gpt-5-nano,high,1,1
595ec8d8-a5db-431c-a09e-1b7aefd96e51,True,openai,gpt-5-nano,high,1,1
460553db-7ddb-47f8-8d88-86ed92deee70,True,openai,gpt-5-nano,high,1,1
038a22dd-56ca-4c17-907c-fa5c5a95b642,True,openai,gpt-5-nano,high,1,1
2b150cd9-1abd-4395-ad4b-5540c015a994,True,openai,gpt-5-nano,high,1,1
da7695e5-c099-4041-b7ff-e95c52990e21,True,openai,gpt-5-nano,high,1,1
479c3972-b319-4b5c-ad05-eff0c13c91af,True,openai,gpt-5-nano,high,1,1
7848d712-f7e9-4f0d-bb17-40fbc709a972,True,openai,gpt-5-nano,high,1,1
8ee69bfe-e496-43e8-afda-0001644b931e,True,openai,gpt-5-nano,high,1,1
2e4207c9-29ca-46c2-8678-9ee61e4335db,True,openai,gpt-5-nano,high,1,1
8680eb51-b000-45b5-9783-d3765ef433cf,True,openai,gpt-5-nano,high,1,1
aab10b84-76fa-4aec-b149-bb3f35ae48b0,True,openai,gpt-5-nano,high,1,1
713acdf1-180d-4d10-981a-debd720e0c92,True,openai,gpt-5-nano,high,1,1
35ddab6b-adb8-451f-a3ad-2da061fe413e,True,openai,gpt-5-mini,high,1,2
fb065421-a734-42ba-b779-ccf47c5aba48,True,openai,gpt-5-nano,high,1,1
509f4061-3ecc-42f0-a3c2-6891dde08d5c,True,openai,gpt-5-nano,high,1,1
88c60e9a-8db9-469e-b45c-648465d5305b,True,openai,gpt-5-nano,high,1,1
3c654eea-ee6c-4f04-85bc-2a577a1ebcd7,True,openai,gpt-5-nano,high,1,1
35be6039-a9a6-4941-b4ad-f6c456d2ffb9,True,openai,gpt-5-nano,high,1,1
0d0dd208-3cfe-42bc-8b9c-79a4ba5c27e2,True,openai,gpt-5-nano,high,1,1
24503b03-c341-4db0-aa02-fddc0cddd94d,True,openai,gpt-5-nano,high,1,1
82d640e8-0d35-4d5c-a534-ab18b6d381af,True,openai,gpt-5-nano,high,1,1
0a9486f0-5e5f-4a89-9595-0e0783865a22,True,openai,gpt-5-nano,high,1,1
8dfa4477-0b47-462b-94f2-0f1b9dd3a7aa,True,openai,gpt-5-nano,high,1,1
842f4a8c-6321-4b5f-b794-de09b355089e,True,openai,gpt-5-nano,high,1,1
b49018db-0a33-4506-bdad-63dc989b9d38,True,openai,gpt-5-nano,high,1,1
3dbcf1dd-5bed-4738-8c4d-fc8548255b42,True,openai,gpt-5-nano,high,1,1
50cc50b1-fd34-4c4b-b325-64f48531006b,True,openai,gpt-5-nano,high,1,1
39cfcc13-0ef1-414a-855a-f17342d8ee18,True,openai,gpt-5-nano,high,1,1
e44150e9-7802-48ab-9c60-324bab46c69b,True,openai,gpt-5-nano,high,1,1
5ef0c948-1b0c-407d-9a18-63f6e396a1a3,True,openai,gpt-5-mini,high,1,2
ea4146cd-639c-4300-9c7f-8100a42c85dc,True,openai,gpt-5-nano,high,1,1
3da53481-d78d-4f87-8b1e-6140764b7ef9,True,openai,gpt-5-nano,high,1,1
223c1471-472d-475c-8baf-3c5430632931,True,openai,gpt-5-nano,high,1,1
ec154f79-4e4f-499b-9f45-7890e0e7c92b,True,openai,gpt-5,medium,1,4
d1cbced0-ad49-4c2b-b553-0c9fb5498da6,True,openai,gpt-5-nano,high,1,1
65156695-9d85-4b78-a44b-98b993a1c91f,True,openai,gpt-5-nano,high,1,1
36cc536e-4cb3-4564-8e28-a83d5ab3a490,True,openai,gpt-5-nano,high,1,1
83ef9ec0-dafd-46d4-bbf8-f0667352a19e,True,anthropic,claude-opus-4-1-20250805,high,1,5
8c11612c-5cda-4366-a7e7-478293309432,True,openai,gpt-5-nano,high,1,1
16f7199d-edf4-4b04-8fa2-8263dc3c8af3,True,openai,gpt-5,low,1,3
36a68db8-7e00-4b89-b23e-227159202ddd,True,openai,gpt-5,low,1,3
be614f5e-9d1a-4bbb-a3d6-2e008398944d,True,openai,gpt-5-nano,high,1,1
92c8d55a-0cf9-41ba-afb0-a7283e08345d,True,openai,gpt-5-nano,high,1,1
49e17d31-dceb-433e-9d13-00b87d129289,True,openai,gpt-5-nano,high,1,1
1d7ba4f4-38c5-4feb-bc53-e37ad654f4ee,True,openai,gpt-5-nano,high,1,1
006403ec-9c3e-4918-953b-306c658632f8,True,openai,gpt-5-nano,high,1,1
cc79d51e-0ae5-4bbb-b661-0a9e8fa97e52,True,openai,gpt-5-nano,high,1,1
83dfd072-2027-424a-9fcc-7b08fde57d2c,True,openai,gpt-5-nano,high,1,1
46f99f7d-48fb-404c-9c20-d40b81b08c3c,True,openai,gpt-5-nano,high,1,1
065fe10c-2535-4469-817c-91d7d394e651,True,openai,gpt-5-nano,high,1,1
4b7577bd-ba27-460a-8261-8095984f907d,True,openai,gpt-5-nano,high,1,1
1b39309b-2be9-4e10-a328-15dc7e429cfd,True,openai,gpt-5-nano,high,1,1
26d1272c-5a5d-48fc-a994-7dcce92061f2,True,openai,gpt-5-nano,high,1,1
a821d5b8-b1b8-4f0d-9bd9-2e62cb2c969d,True,openai,gpt-5-nano,high,1,1
52fd676a-515e-46cf-bed8-9b86097049b3,True,openai,gpt-5-nano,high,1,1
80f824a9-1130-494c-b306-019e09f1dc5d,True,openai,gpt-5-nano,high,1,1
c7e2351e-cf3a-4733-8349-e4c68f962c03,True,openai,gpt-5-nano,high,1,1
2eb6f397-7c26-475b-b314-a625e66d5c74,True,openai,gpt-5-nano,high,1,1
f78f9455-ebd9-4095-95ec-735d12e0d532,True,openai,gpt-5-nano,high,1,1
fe07aaf6-e3d8-4020-b899-ecef188143b5,True,openai,gpt-5-nano,high,1,1
4f9cc3b1-4cfa-4ac5-93dc-b00b101afaf9,True,openai,gpt-5-nano,high,1,1
1e00ee2f-f522-465a-ac9c-5e1f0c2600c6,True,openai,gpt-5-nano,high,1,1
9290d675-2d16-4eaa-9df8-b4b3b9b77e99,True,openai,gpt-5-nano,high,1,1
d5139552-eace-4151-9a31-f72b1f78bc2b,True,openai,gpt-5-nano,high,1,1
b76ebf08-0a30-4b1a-be71-0a832b79520a,True,openai,gpt-5-nano,high,1,1
b4b8891e-147d-4ec3-9fdc-ff9eb502aec1,True,openai,gpt-5-nano,high,1,1
98dc20b6-f634-41be-83cb-4450d80e71c9,True,openai,gpt-5-nano,high,1,1
7d1aed6e-07ae-466d-a73d-199046cb5d39,True,openai,gpt-5-nano,high,1,1
d12dbad5-b510-4955-b4ab-d385fcecd636,True,openai,gpt-5-nano,high,1,1
632093c8-03ed-44ff-a869-f640f37c7f4f,True,openai,gpt-5-nano,high,1,1
9ba4a82e-0b03-4248-a5cf-3b1241ec7f61,True,openai,gpt-5-nano,high,1,1
22b75b0c-cfe3-4ecc-b47a-149a3f182427,True,openai,gpt-5-nano,high,1,1
d22ab3e0-59b0-48fc-a42a-584257160632,True,openai,gpt-5-nano,high,1,1
e2ecc4d9-b877-4a14-8484-edf19b681e2e,True,openai,gpt-5-nano,high,1,1
5fdaf900-15ad-44c7-991d-db91c6327ba6,True,openai,gpt-5-nano,high,1,1
01e7f307-c20c-484b-9612-c61f9a26d440,True,openai,gpt-5-nano,high,1,1
302b85f6-bf9f-4afc-811b-68d1b32753c4,True,openai,gpt-5-nano,high,1,1
814ceb63-43af-42e9-8f82-e9e044f5e351,True,openai,gpt-5-nano,high,1,1
de157f77-78a2-485c-a491-70a04529fd72,True,openai,gpt-5-nano,high,1,1
d7b28053-2091-4356-9c97-4235c36f8a1a,True,openai,gpt-5-nano,high,1,1
4fe78157-0815-4c5d-b1fe-85bb8ac9a8e9,True,openai,gpt-5-nano,high,1,1
b862d410-fcf8-46d1-a899-51ff37f1a43f,True,openai,gpt-5-nano,high,1,1
e67f1722-5940-4b69-ab9d-2a9d363528cf,True,openai,gpt-5,low,1,3
7bf994f4-3a82-4039-bc1a-7d0690fda789,True,openai,gpt-5-nano,high,1,1
8a3298bc-cfcd-4743-9c2d-16f297990820,True,openai,gpt-5-nano,high,1,1
5964a576-4ee9-44f5-91ca-d580e213edbc,True,openai,gpt-5-nano,high,1,1
525273b4-962e-46d0-b1ba-2e40f3273d1f,True,openai,gpt-5-nano,high,1,1
b868a0ea-19b1-409f-a32f-602c1e96b1c6,True,openai,gpt-5-nano,high,1,1
dfd08362-8481-4682-9dbb-ce926b80d7ff,True,openai,gpt-5-nano,high,1,1
769c26cd-6832-4bb2-bf8b-5ec7b4b3f776,True,openai,gpt-5-nano,high,1,1
dd6041cc-7b05-41c7-bea5-e53b89d55368,True,openai,gpt-5-nano,high,1,1
c93efd6c-8d03-47a7-b187-bef30ada41d2,True,openai,gpt-5-nano,high,1,1
71e8839d-3cdb-4130-be45-f4990aa96af7,True,openai,gpt-5-nano,high,1,1
45b1bf0b-70a3-447d-951e-c12eb792d066,True,openai,gpt-5-nano,high,1,1
644bf050-480a-4db0-886c-3e211c760011,True,openai,gpt-5-nano,high,1,1
edd0529c-c1c0-4bff-8fce-ae2f0150150c,True,openai,gpt-5-nano,high,1,1
283890b4-4c71-48d5-9183-ba261c6bef42,True,openai,gpt-5-nano,high,1,1
a583db99-f687-421d-bafd-8b3cf7336499,True,openai,gpt-5-nano,high,1,1
4b5bd6cd-ef9d-4327-a4c9-e6409af10462,True,openai,gpt-5-nano,high,1,1
d3c1eb38-c813-40af-adae-2cda20b037d8,True,openai,gpt-5,low,1,3
4f4e792a-a6c9-49c8-9810-394f2a7f6a4b,True,openai,gpt-5-nano,high,1,1
709e0d9a-3155-4af2-b094-e8cf83cf118a,True,openai,gpt-5-nano,high,1,1
968f4da3-c21a-488c-9e30-65c9fbd6f447,True,openai,gpt-5,low,1,3
34ab9258-1551-4c1e-aca5-79b57503ba2e,True,openai,gpt-5-nano,high,1,1
df1b3a50-7d6c-4ef7-bba7-f95e99941db8,True,openai,gpt-5-nano,high,1,1
9c97db32-61c1-4194-b52b-1ea0aa82780b,True,openai,gpt-5-nano,high,1,1
c0b49ed8-7dda-4df6-88c7-ec0f87b2da89,True,openai,gpt-5-nano,high,1,1
792b1687-9318-48b7-b524-3d4175322861,True,openai,gpt-5-nano,high,1,1
f7f7c6d1-8d67-493f-a5ff-53e8a88a5313,True,openai,gpt-5-nano,high,1,1
34b8b312-9050-433d-b2c0-29c715c7a60f,True,openai,gpt-5-nano,high,1,1
1a06e72f-4cd4-434c-a5f9-bfc5b378ccac,True,openai,gpt-5-nano,high,1,1
1cba07d4-e2c7-47cc-ad79-6a00b421b209,True,openai,gpt-5-nano,high,1,1
fcdac66c-2dc8-427b-b241-6197f194284c,True,openai,gpt-5-nano,high,1,1
ca1b68cc-dd9e-454a-8cb7-fb820382dbee,True,openai,gpt-5-nano,high,1,1
a7883887-16d9-4473-a3ab-a62fcf929495,True,openai,gpt-5-nano,high,1,1
290c1793-a4c4-4a9a-b757-0249105bbaf4,True,openai,gpt-5-nano,high,1,1
908b87be-b1e0-4e31-bb86-39162e57975e,True,openai,gpt-5-nano,high,1,1
dc04eaf1-12bb-40dc-ad54-e580965f3434,True,openai,gpt-5-nano,high,1,1
2f54f96d-1c3c-4a42-bfd1-8301040d8e9d,True,openai,gpt-5-nano,high,1,1
ef01a105-8f28-4ba0-94fe-8e6827a9a92d,True,openai,gpt-5-nano,high,1,1
bfd5b997-af5b-4243-8a61-8080b4fa3678,True,openai,gpt-5-nano,high,1,1
61977649-ebe6-4043-9986-1027b950d6b4,True,openai,gpt-5-nano,high,1,1
ffbefb3a-e6f5-4422-9db2-cdf200e64367,True,openai,gpt-5-nano,high,1,1
7a6335ba-e833-4932-a831-da1f484481e6,True,openai,gpt-5-nano,high,1,1
8f38288e-a02b-46fe-9e1a-84be296abad4,True,openai,gpt-5-nano,high,1,1
443dc6ae-eece-4279-91e2-e5e467ae30fe,True,openai,gpt-5-nano,high,1,1
ff0bde01-9e2f-4927-af8a-3f1b8b7479df,True,openai,gpt-5-nano,high,1,1
6f947e73-5a31-4905-acce-f04a1890bb6c,True,openai,gpt-5-nano,high,1,1
c528883f-44b5-47dd-9402-4233b246eeee,True,openai,gpt-5-nano,high,1,1
0c57c576-5dd7-44d1-9e02-385100116e11,True,openai,gpt-5-nano,high,1,1
e1837897-8d93-4a82-b0d9-3d2261d95003,True,openai,gpt-5-nano,high,1,1
338dc33d-24f4-4f30-a887-dda4cf0a7e92,True,openai,gpt-5-nano,high,1,1
42771aef-ef5f-4bf5-a1e1-02988d635046,True,anthropic,claude-opus-4-1-20250805,high,1,5
821e1631-55d3-4962-af13-bb542c5fef52,True,openai,gpt-5-nano,high,1,1
ac1f1a6d-f7af-44dc-843b-f30b42838cb1,True,openai,gpt-5-nano,high,1,1
6af94dec-2693-4c6e-98a8-56e4404f1007,True,openai,gpt-5-nano,high,1,1
e51ede84-7e68-420e-b3de-82e27d72749a,True,openai,gpt-5-nano,high,1,1
aee619e9-2f4b-49a3-8c6a-375ce4b4991c,True,together,deepseek-ai/DeepSeek-R1,high,1,7
898c8fc2-e0ae-406f-b47e-a85e8cad4445,True,openai,gpt-5-nano,high,1,1
6f0b55a5-c836-4336-8f98-ace8dde09d2e,True,openai,gpt-5-nano,high,1,1
a4bcd769-1e61-4010-9e39-0f25fd846376,True,openai,gpt-5-nano,high,1,1
dce5456a-1006-4325-ae28-266f52bc8b89,True,openai,gpt-5-nano,high,1,1
80be4185-1df8-47b7-ad2a-1362f981617c,True,openai,gpt-5-nano,high,1,1
5cb1c5b9-fcc2-41c8-a6b2-06ec3b4fdf53,True,openai,gpt-5-nano,high,1,1
e6395a12-db07-4ddf-a00f-fa165e8ad936,True,openai,gpt-5-nano,high,1,1
5c6ef24c-1c3c-49d4-8fde-a26f2d15d262,True,openai,gpt-5-nano,high,1,1
1e3bf9f7-add0-48fc-a870-a878f7325c26,True,openai,gpt-5,low,1,3
08f4774e-b915-4320-8dc4-24917b710d3c,True,openai,gpt-5-nano,high,1,1
97733daf-cbd9-4c36-af8a-ca97c7ed5838,True,openai,gpt-5-nano,high,1,1
95b1959c-ea32-41de-aa13-94e9942d4e58,True,openai,gpt-5-nano,high,1,1
adc6f129-6f80-4550-9c5f-c8e7fd2b2bf2,True,openai,gpt-5-nano,high,1,1
2bffbc99-fd4b-4bd5-aa11-9056a872658b,True,openai,gpt-5-nano,high,1,1
1ae39c3d-2aa9-4b57-a204-fbbb8b844027,True,openai,gpt-5-nano,high,1,1
776e89ed-c555-46a3-a71b-f47dcc93f4c3,True,openai,gpt-5-nano,high,1,1
b14d2a3a-134d-4d24-94de-4956d6f52499,True,openai,gpt-5-nano,high,1,1
4c8b53f7-e967-46fa-a65c-c35d23be1225,True,openai,gpt-5-nano,high,1,1
4689201a-17b2-49b7-bb9d-4d4579e72ecb,True,openai,gpt-5-nano,high,1,1
ee12b076-61e6-4d43-b794-6e10d38c5c63,True,openai,gpt-5-mini,high,1,2
934dfb6f-6eb7-460f-b793-516e9fc7facb,True,openai,gpt-5-nano,high,1,1
1a86993d-8218-419b-9994-d0774418a084,True,openai,gpt-5-nano,high,1,1
5a2f0971-04e1-4ba9-8a3a-37e11f6f942b,True,openai,gpt-5-nano,high,1,1
8a7b209e-9752-459f-8297-74a57a80bc49,True,openai,gpt-5-nano,high,1,1
f0859fda-bb55-4a53-b34e-e99123fa9b36,True,openai,gpt-5-nano,high,1,1
85c756aa-4a54-43af-b1f6-0f48e19bbb43,True,openai,gpt-5-nano,high,1,1
b9310557-740f-40cd-ba0d-eec0ef6391b3,True,openai,gpt-5-nano,high,1,1
21357f1c-5cb1-4c56-bbeb-63b0b2c94bdd,True,openai,gpt-5-nano,high,1,1
ecac9f36-2e1b-4cfd-a6f4-c2ded8d2fcda,True,openai,gpt-5-nano,high,1,1
acfebe16-7079-4d51-9105-eb42bea1f148,True,openai,gpt-5-nano,high,1,1
9d681881-ee91-4cdd-bf5d-203bae03aeed,True,openai,gpt-5-nano,high,1,1
512bd9d2-73e6-4129-bc34-d81114c93cdb,True,openai,gpt-5-nano,high,1,1
57144401-70b0-4479-b2c1-30d2b969adc8,True,openai,gpt-5-nano,high,1,1
407ba19f-7629-413a-9397-c2951edefa36,True,openai,gpt-5-nano,high,1,1
358abd1d-0120-4d24-a5e0-d2921987a266,True,openai,gpt-5-nano,high,1,1
ac759056-42ef-41aa-98f5-a78be4c5a654,True,openai,gpt-5-nano,high,1,1
5f903ed5-94cc-4c67-aeb0-a5e57e0f52b6,True,openai,gpt-5-nano,high,1,1
1d490d9b-3b6d-4b29-a1ed-5622041c095d,True,openai,gpt-5-nano,high,1,1
fa479129-fff1-4a48-a7ed-fba7994e4436,True,openai,gpt-5-nano,high,1,1
2f80fca9-2d69-4cd3-bdc2-c134bb39f94d,True,openai,gpt-5-nano,high,1,1
9f3fb4ca-8007-4b32-9fce-c9a58a9de38c,True,openai,gpt-5-nano,high,1,1
477a76ef-c5ec-48e3-b6df-3e1fc5257c09,True,openai,gpt-5-nano,high,1,1
f9a1f6e5-0a92-4223-a4c8-6974165278b7,True,openai,gpt-5-nano,high,1,1
e0d692d3-d78a-4d4f-bd39-d5c72d79d895,True,openai,gpt-5-nano,high,1,1
2ebc1be8-d6c3-445d-af58-c688c3b960d5,True,openai,gpt-5-nano,high,1,1
916851c8-c86f-491a-9e87-07fe9d3a23c8,True,openai,gpt-5-nano,high,1,1
c8570966-62e9-45bc-9d58-1314991c82b4,True,openai,gpt-5,medium,1,4
027a72bf-068b-4280-a1e0-8f7dfe728702,True,openai,gpt-5-nano,high,1,1
327089e0-aaac-41fe-bc73-1a9b040d247a,True,openai,gpt-5-mini,high,1,2
1d43eb69-23d9-4869-be7f-2f8ea3e15963,True,openai,gpt-5-nano,high,1,1
ca2f6de6-7ece-4e29-a6bd-4fec1409138d,True,openai,gpt-5-nano,high,1,1
69773923-1490-4de5-b443-e7d84d5bd6b9,True,openai,gpt-5-nano,high,1,1
b31e04be-0f83-46fa-be70-c0437ed07fa2,True,openai,gpt-5,low,1,3
08689d21-6fd5-4494-bf3c-d7ded49ad32e,True,openai,gpt-5-nano,high,1,1
fc8b7809-b7cd-44ba-820c-cec1d2a2982d,True,openai,gpt-5-nano,high,1,1
b291a40b-46ce-4fa4-bdf6-540dd99484fe,True,openai,gpt-5-nano,high,1,1
b397ea53-948f-4212-8924-cbec915b793e,True,openai,gpt-5-mini,high,1,2
483ee853-e169-40ae-b743-91042128fda1,True,openai,gpt-5-nano,high,1,1
571d2209-e2b0-4305-9b37-c55c7162660d,True,openai,gpt-5-nano,high,1,1
060615d2-49f8-493d-bf17-70768ac749af,True,openai,gpt-5-nano,high,1,1
11723291-69e6-45c6-8aa6-d9b6775f4e9c,True,openai,gpt-5-nano,high,1,1
ed2ed0c7-8238-4c24-b036-a740457d44ba,True,openai,gpt-5-nano,high,1,1
06950ec1-05c8-4011-939e-186940947fbc,True,openai,gpt-5-nano,high,1,1
7bc79898-4457-4a78-89c5-de4b749a8b49,True,openai,gpt-5-nano,high,1,1
3d1cea47-529d-487c-a2fc-0e9298bb2361,True,openai,gpt-5-nano,high,1,1
2b3ddd1b-cd81-4948-b2ac-c29fe35f0bad,True,openai,gpt-5-nano,high,1,1
7343d18b-7baa-45fb-9271-6cfb88f53976,True,openai,gpt-5-mini,high,1,2
e87449f4-ae97-491a-8a01-6e32759512b6,True,openai,gpt-5-nano,high,1,1
fa4f2a42-6697-42fa-b253-e4487128ddd2,True,openai,gpt-5-nano,high,1,1
8f732ba6-6915-484f-b4f8-fe43e5911af4,True,openai,gpt-5-nano,high,1,1
363e9750-fa42-4191-bf83-eac16ab7a01c,True,openai,gpt-5-nano,high,1,1
80911220-4839-4571-8eb5-cfef43e00ce3,True,openai,gpt-5-nano,high,1,1
8dd3bbe2-e2d8-42f2-965d-db96e09f7d23,True,openai,gpt-5-nano,high,1,1
0d7a9df9-4913-4a8e-8dcb-094a17d5c40f,True,openai,gpt-5-nano,high,1,1
da2b10a0-86a4-44b2-adb9-736e1bf06684,True,openai,gpt-5-nano,high,1,1
23a2c13b-d0e9-4798-a35d-74a23d24c097,True,openai,gpt-5-nano,high,1,1
b5088e01-f138-4687-ae1f-908aeb75f64e,True,openai,gpt-5-nano,high,1,1
dfb5b120-3618-4ae6-af4c-fb5fafe236ac,True,openai,gpt-5-nano,high,1,1
741f3d1f-3e1b-4b8d-8d27-18bae5569bcf,True,openai,gpt-5-nano,high,1,1
2cfcc3ee-ca5f-4601-be8d-71867e04ad44,True,openai,gpt-5-nano,high,1,1
dc70f709-fe24-4541-a4c4-ebac701117a0,True,openai,gpt-5-nano,high,1,1
da9aeeaf-9454-4858-b47b-04cf03c33139,True,openai,gpt-5-nano,high,1,1
2058cc90-49a8-46ec-923e-9cc70810d9a9,True,openai,gpt-5-nano,high,1,1
3647fa30-cad2-4dd2-99cd-7e19c8b71e02,True,openai,gpt-5-nano,high,1,1
9124c19a-d3fd-47b8-b9b8-9697deffddef,True,openai,gpt-5-nano,high,1,1
0e685531-1266-45d2-9793-7b4d0ff72193,True,openai,gpt-5-nano,high,1,1
32bc24d6-e3ef-4a3a-995a-059ae6ea83ea,True,openai,gpt-5-nano,high,1,1
d4eb8a98-b76f-4f04-a808-b1a48602f5dc,True,openai,gpt-5-nano,high,1,1
0e4f9390-0869-446b-bcee-f4ab0fcfde1d,True,openai,gpt-5-nano,high,1,1
54b27f86-f1c7-445e-9a50-4a6516a962c7,False,,,,0,11
d40e1cae-8471-45af-99b6-65d111e75412,True,openai,gpt-5-nano,high,1,1
5a5b8485-480a-4d04-87bb-6743f4f38922,True,openai,gpt-5-nano,high,1,1
82b6eab9-3930-4052-af74-ee77f78666a2,True,openai,gpt-5-nano,high,1,1
34d1bc3e-d60d-4485-b1a1-88d2f5fec413,True,openai,gpt-5-nano,high,1,1
9a93e54c-879d-43ee-9b4c-bd29e9015813,True,openai,gpt-5-nano,high,1,1
64f7b9dc-27fa-420a-a3f6-ad004be5c4de,True,openai,gpt-5-nano,high,1,1
975f114f-81b8-43e6-8f86-136113a463d4,True,openai,gpt-5-nano,high,1,1
6e5c4269-e266-4eea-a52d-190c30a4748b,True,openai,gpt-5-nano,high,1,1
05390d32-1d18-44eb-a68c-18334405b018,True,openai,gpt-5-nano,high,1,1
62b6dee4-e0ab-4caa-896e-cbce212e6010,True,anthropic,claude-opus-4-1-20250805,high,1,5
3830b774-3d81-45c5-9e69-0f92c7d2e2ad,True,openai,gpt-5-nano,high,1,1
35fef4c7-9c75-4702-b488-a349b546a524,True,openai,gpt-5,low,1,3
5e5de184-4180-4c5e-898c-5960c1aa8d75,True,openai,gpt-5-nano,high,1,1
15d0e555-db09-48af-86ce-bbb2681a068c,True,openai,gpt-5-mini,high,1,2
f9109518-d322-440f-9a40-65dcb3580e88,True,openai,gpt-5-nano,high,1,1
673fcc50-94b5-4dfc-868f-96d131f39676,True,openai,gpt-5-nano,high,1,1
7400e5bf-51ae-4b3e-8657-cc8224a7991c,True,openai,gpt-5-nano,high,1,1
77549262-e33e-4bfb-9ab0-bcf2804d7a81,True,openai,gpt-5-nano,high,1,1
d5745c88-41b5-420a-9d89-5bdaff99592c,True,openai,gpt-5-nano,high,1,1
779a48fa-135a-4112-9a8a-04ddaaa633d8,True,openai,gpt-5-nano,high,1,1
b329675d-bc66-4880-82b2-b449cfa99a52,True,openai,gpt-5-nano,high,1,1
4e82d742-cf3b-4526-ac0f-c9f76e5b853e,True,openai,gpt-5-nano,high,1,1
464d98c5-1082-47c9-bd2c-a2f80c6aa2ab,True,openai,gpt-5-nano,high,1,1
860b6fb4-0d71-4b8c-b2a3-c04ae71e5eb3,True,openai,gpt-5-nano,high,1,1
f4fc1214-1cb9-4e29-a1ec-54e86ba5dfc6,True,anthropic,claude-opus-4-1-20250805,high,1,5
5af3554e-f5e1-403e-840a-e42f00a911fe,True,openai,gpt-5-nano,high,1,1
b4dbe17b-e33b-4b4c-b4f7-f1ef3d679b0c,True,openai,gpt-5-nano,high,1,1
938c415a-2808-44c0-97f1-a3868bcc2877,True,openai,gpt-5-nano,high,1,1
32a18bbc-ea43-4fb3-969e-116486c12ba5,True,openai,gpt-5-nano,high,1,1
ba106d1e-3ca6-461b-a442-3a4688927afe,True,openai,gpt-5-nano,high,1,1
b29269bc-8a69-49e3-974b-f66958e05a8f,True,openai,gpt-5-nano,high,1,1
c08985a0-611d-4900-a526-e0448a96a505,True,openai,gpt-5-nano,high,1,1
300af593-167f-4e46-a28b-04a4205ee491,True,openai,gpt-5-nano,high,1,1
561bac55-8fff-4efd-b164-c37b34aca6eb,True,openai,gpt-5-nano,high,1,1
5cb3c0dc-a664-45f8-9e6e-c4ca2d0fd6a2,True,openai,gpt-5-nano,high,1,1
72f1dbac-7ea0-45c1-a17f-022dce394175,True,openai,gpt-5-nano,high,1,1
38e96182-354c-4fa0-937c-3d52bd0cabb2,True,openai,gpt-5-nano,high,1,1
7d1fc1b2-319f-4ed0-b479-ca828b570a73,True,openai,gpt-5-nano,high,1,1
33ae9e16-b04d-4413-b689-43d27418612a,True,openai,gpt-5-nano,high,1,1
3d22c264-9eea-4cda-96c1-5c3d762a624c,True,openai,gpt-5-nano,high,1,1
32018965-cb9d-4935-83dd-c3d3d46b0664,True,openai,gpt-5-nano,high,1,1
87f2d401-4c71-4ed4-9cee-ecd53a7dc64e,True,openai,gpt-5-nano,high,1,1
6db30e5b-3d61-41c0-81c9-bbea658bc1e8,True,openai,gpt-5-nano,high,1,1
4337796e-60bb-4c2c-9c58-d7bb3bcc666a,True,openai,gpt-5-mini,high,1,2
7d094720-13f9-40b3-9bf6-932406731ed0,True,openai,gpt-5-nano,high,1,1
010d711e-b271-4774-8929-6859e156d01e,True,openai,gpt-5-nano,high,1,1
3714a182-7743-4d6d-ac47-725cc8896e7e,True,openai,gpt-5-nano,high,1,1
fd8329bd-d0bb-432e-8ac7-169569dc593b,True,openai,gpt-5-nano,high,1,1
659643cf-dde7-4f2a-aac1-00b485bd59c8,True,anthropic,claude-opus-4-1-20250805,high,1,5
a52c7e86-71ea-4c28-be8a-b9a30140dfde,True,openai,gpt-5-nano,high,1,1
278a8d2d-e86f-44ad-a5b5-b99b6ebc5471,True,openai,gpt-5-mini,high,1,2
dfae70f1-fcc8-4511-9709-e3ebd4ba6880,True,openai,gpt-5-nano,high,1,1
dbc21ff0-3e22-4ecc-8116-5859ae7a7ad5,True,openai,gpt-5-nano,high,1,1
2bed4aba-313f-493d-babb-9859e12e45ba,True,openai,gpt-5-nano,high,1,1
869ea573-bc3f-48f8-a5ed-583714238496,True,openai,gpt-5-nano,high,1,1
0771252b-ec3f-4536-a3ea-68535e43eab4,True,openai,gpt-5-nano,high,1,1
edd445e2-4783-4272-8d71-8dd22ccbe941,True,openai,gpt-5-nano,high,1,1
69749abe-d2c5-40ce-86f7-80cb6b167acf,True,openai,gpt-5-nano,high,1,1
f88858de-e850-4bd9-8c55-28c245c78feb,True,openai,gpt-5-nano,high,1,1
90f69356-b5f6-414d-a66c-2b5731907dbc,True,openai,gpt-5-nano,high,1,1
1b73e8dd-e89a-4731-98b5-b268b5584c1f,True,openai,gpt-5-nano,high,1,1
4d1fd693-4bc2-4747-a512-750eccf99401,True,openai,gpt-5-nano,high,1,1
270885b6-f02a-445b-837f-fc19ad8954a6,True,openai,gpt-5-mini,high,1,2
a183b4f4-2ddc-4011-983d-b059e9c11b29,True,openai,gpt-5-nano,high,1,1
9a7dc324-475f-4699-9e5d-fc275e9a11ca,True,openai,gpt-5-nano,high,1,1
3f9e62d9-8bd0-43f4-8a33-ae05f370f67f,True,openai,gpt-5,medium,1,4
07386e44-46b3-4405-9f56-5b5daad93572,True,openai,gpt-5-nano,high,1,1
4d0f0aa0-7b1a-4f65-ad07-140e14308ce8,True,openai,gpt-5-mini,high,1,2
e317460b-399f-4770-9f47-4dbbe5a4781f,True,openai,gpt-5-nano,high,1,1
2e27467b-9331-4b39-aeef-f29270126184,True,openai,gpt-5-nano,high,1,1
0f3346fb-66ee-448b-9951-faecc2351c64,True,openai,gpt-5-nano,high,1,1
25f4f98a-0fd3-416b-9f59-aeb5b92091f9,True,openai,gpt-5,medium,1,4
11ee4b96-48b6-4a33-a244-76aa62ec230d,True,openai,gpt-5-nano,high,1,1
70f4e1d9-9fee-448f-86c9-edc5d305a9ec,True,openai,gpt-5-nano,high,1,1
2478edc9-1821-48c5-ab6c-5eb3343f7396,True,openai,gpt-5-mini,high,1,2
54934cc4-c961-4caa-ab51-28525fafa336,True,openai,gpt-5-nano,high,1,1
12281f45-053c-4e26-9d55-65f5036e90a2,True,openai,gpt-5-nano,high,1,1
91789b8b-6303-492b-9ff1-a3f81a8a4084,True,openai,gpt-5-nano,high,1,1
3b97599f-a25a-45ba-9991-5f5e4edfa25e,True,openai,gpt-5,low,1,3
7f2070cb-8846-4e87-8d56-5d29c097fa18,True,openai,gpt-5,low,1,3
e6f6a43c-203d-471b-9e71-fa080d75eeab,True,openai,gpt-5-nano,high,1,1
3661a49f-51f5-4361-9426-df3e42fc8c90,True,openai,gpt-5-nano,high,1,1
65076974-9d33-4aec-8d3a-ba2d0e6c4df6,True,openai,gpt-5-mini,high,1,2
ea5a064d-334e-46db-94e0-6fc6a0969cfc,True,openai,gpt-5-mini,high,1,2
2da9fe52-ebac-4398-a607-9b527c49f665,True,openai,gpt-5-mini,high,1,2
bd12ccde-34da-4903-b2d7-43665eca0d1a,True,openai,gpt-5-mini,high,1,2
a97d20b1-f6d8-417a-ad19-e732c6b53743,True,openai,gpt-5,low,1,3
a4501e56-f38f-41e7-b277-288f04f3a63e,True,openai,gpt-5-nano,high,1,1
a9c38306-bf48-423a-a42a-603ca5ccb369,True,openai,gpt-5-nano,high,1,1
5e4bd053-564d-4ed5-8bb8-b331cd8e1a4e,True,openai,gpt-5-nano,high,1,1
17c46b0e-783b-4fbc-ac15-b9502cf5da70,True,openai,gpt-5-nano,high,1,1
142fdba0-5532-4a3b-b45c-08dbb54f0b1f,True,openai,gpt-5-nano,high,1,1
4c1b9d88-07fa-40d3-a713-e9fe2314f922,True,openai,gpt-5-nano,high,1,1
1e6bdfb8-949f-4181-9845-27ca5bef297c,True,openai,gpt-5-nano,high,1,1
b385ec02-8a9d-478b-86fa-54607e4fc67d,True,openai,gpt-5-nano,high,1,1
9202b166-b855-4b83-a7d6-37b50182afa5,True,openai,gpt-5-nano,high,1,1
5a8cc5e6-e055-4293-81e3-d80ed1a29c35,True,openai,gpt-5-nano,high,1,1
8c22983c-becd-4856-ac89-8a0e2e4b429a,True,openai,gpt-5-nano,high,1,1
577cbb76-fad2-4049-a6df-563984555172,True,anthropic,claude-opus-4-1-20250805,high,1,5
7c254d51-bce9-4f75-8811-851e949ef66c,True,openai,gpt-5-nano,high,1,1
5566f4e1-f2de-46d7-8aa9-24f1c6db87a5,True,openai,gpt-5-nano,high,1,1
475abede-c04f-4487-801c-438f8754d4db,True,openai,gpt-5-nano,high,1,1
4a4c4b26-b5b9-4076-a05c-2e49b18cb545,True,openai,gpt-5-mini,high,1,2
837d0a92-8c57-45b5-b705-1d4508280a08,True,openai,gpt-5-mini,high,1,2
96c8679e-e9cd-4a91-9a28-ae97d988e265,True,openai,gpt-5-nano,high,1,1
d06b0a38-6cee-43a2-9360-316122c37f43,True,openai,gpt-5-nano,high,1,1
62473aff-236f-43f1-9f43-559557a4470f,True,openai,gpt-5-nano,high,1,1
e5eb2075-884a-42ff-b319-bdb5c344fe50,True,openai,gpt-5,low,1,3
1dbf20fd-2d0d-4747-9980-e5d46488c290,True,openai,gpt-5-nano,high,1,1
e7cd9468-20a5-4a35-a127-b22080d5030e,True,openai,gpt-5-nano,high,1,1
0918b324-ee2e-492f-9590-5722e18a18f8,True,openai,gpt-5-nano,high,1,1
87453f19-5386-4510-a8a2-ef4dcfbfea31,True,openai,gpt-5,medium,1,4
ac4ce8a6-ccf6-426b-b4ed-379d5b23a4a4,True,openai,gpt-5-nano,high,1,1
defdce55-d1ad-4720-bf4f-0677f1929450,True,openai,gpt-5-nano,high,1,1
293ed78d-f78a-4d69-83be-3febcacedff7,True,openai,gpt-5-mini,high,1,2
f6841e42-9518-4b6c-bf5a-119998283f1c,True,openai,gpt-5-nano,high,1,1
45f465d1-3d7a-44a9-b405-ebcedbe01f0f,False,,,,0,11
052f9624-7213-4e2b-be97-97c011b01590,True,openai,gpt-5-nano,high,1,1
92dea1e4-100c-4302-9749-dbb2de94b1da,True,openai,gpt-5-nano,high,1,1
b6b9712a-51d0-4a5c-ae0e-cc5ec0304593,True,openai,gpt-5-nano,high,1,1
9487c874-ef62-4a30-a208-c4f8eb48031a,True,openai,gpt-5-nano,high,1,1
60371fd4-3f0b-489e-8770-d222cbf577dc,True,openai,gpt-5-nano,high,1,1
2ef834af-4204-4c2e-ae54-8a219b8e8555,True,openai,gpt-5,medium,1,4
d646f36a-855c-4019-82ea-1bc850234c62,True,openai,gpt-5-nano,high,1,1
731f6ec3-b57e-44dd-a770-afd21d13d342,True,openai,gpt-5-nano,high,1,1
1192cac6-2875-4d91-b789-6871ed87a123,True,anthropic,claude-opus-4-1-20250805,high,1,5
d0646d64-2c27-4f06-9c3e-4b7e3950a17e,True,openai,gpt-5-nano,high,1,1
0b17d374-d5ca-4393-896f-496170e0522d,True,openai,gpt-5,low,1,3
67676797-d832-4027-b5f9-d8fe45f0ff21,False,,,,0,11
f3c304d4-d81a-49a8-b31e-13229ebc66e5,True,openai,gpt-5-nano,high,1,1
b71f99c8-f1f8-4ef8-9b8c-348ca4eea231,True,openai,gpt-5-nano,high,1,1
b8aa7ffb-4b29-42e3-990d-510213abd242,True,openai,gpt-5-nano,high,1,1
cfd6ce66-b5cb-44f8-ac06-92d94b5d2c1b,True,openai,gpt-5-nano,high,1,1
f47955bf-3e20-4231-926a-d5194c065525,True,openai,gpt-5-nano,high,1,1
c08ba78d-6c03-496a-97da-8e62192aae94,True,openai,gpt-5-nano,high,1,1
3e7d26aa-e2f3-46aa-905d-91fa0bd5c396,True,openai,gpt-5-nano,high,1,1
e26d5faf-320f-490a-aacf-bfc3cb3baf5f,True,openai,gpt-5-nano,high,1,1
a06fa901-05a3-4c97-8a1f-e193785570e6,True,openai,gpt-5-nano,high,1,1
c8b2b6b9-7d58-48be-8c41-7fab2cd16bb3,True,openai,gpt-5-nano,high,1,1
7f3be4ec-77fa-4af5-98c0-e2e5a9fdeafb,True,openai,gpt-5-nano,high,1,1
816e54ca-507b-4f92-8c6a-3963216c04d1,True,openai,gpt-5-nano,high,1,1
c98eb948-3e5d-404f-ba8b-955d7e9f20d4,True,openai,gpt-5,low,1,3
f7e961d3-13fe-4479-a56d-3f845e1484f4,True,openai,gpt-5-nano,high,1,1
f4852a95-cdb3-44cd-bde6-1ac07902ddc3,True,openai,gpt-5-nano,high,1,1
f01cd33d-00dd-45dd-a19d-b8d619c054f1,True,openai,gpt-5-mini,high,1,2
697abbe9-cbef-42a5-89fa-a43785c499fc,True,openai,gpt-5-nano,high,1,1
57452951-1c1c-4966-9b4a-8ba58b4a1ea4,True,openai,gpt-5,low,1,3
57ecaa24-a12e-47ce-8245-2090428db50e,True,openai,gpt-5-nano,high,1,1
ccd64a3a-0cca-4128-a307-b1e80e34b3ce,True,openai,gpt-5-nano,high,1,1
53be9456-f9bb-410b-b283-5ee008507b75,True,openai,gpt-5-nano,high,1,1
ae82dde3-dabd-4715-9c7f-5fce7aa9e270,True,openai,gpt-5-nano,high,1,1
c277f31b-4241-4d9e-8129-890bf7d7d627,False,,,,0,11
c41be32a-2852-4b80-bd4b-d55e493dc8d7,True,openai,gpt-5-nano,high,1,1
d393c8d0-6f4b-41fd-85d6-ffa13ce8e9c5,True,anthropic,claude-sonnet-4-20250514,high,1,6
c4e6d4c7-1ede-4486-af31-e40ab1b7caec,True,openai,gpt-5-nano,high,1,1
24083ee6-13c0-473b-8c0a-1f190fc39d04,True,openai,gpt-5-nano,high,1,1
da13e1c9-b30e-47ed-9fc2-dde95f6ca632,True,openai,gpt-5-nano,high,1,1
d04a2a84-ba94-4085-9baa-d490bd81cf27,True,openai,gpt-5-nano,high,1,1
d7909ab2-1c36-429d-872a-7063d7d19586,True,openai,gpt-5-mini,high,1,2
3c841662-57b2-4ea5-8c3d-c3e9da75a077,True,openai,gpt-5,low,1,3
b308dd9e-8bf5-4c1a-81d2-89547a7e93df,True,openai,gpt-5-nano,high,1,1
51c6b2b5-1cd4-4bbf-96fe-c9ad3bf8befb,True,openai,gpt-5-nano,high,1,1
b03bab7a-616f-4a54-bf4e-f8fd1185a9f9,True,openai,gpt-5-nano,high,1,1
5504afa8-a6f7-4dab-9b03-88c242c3ca4a,True,openai,gpt-5-nano,high,1,1
114acba4-6731-4382-a6a9-cec6ead2048c,True,openai,gpt-5-nano,high,1,1
11c0beb3-ed77-4238-9b8e-f3c83cd78c85,True,openai,gpt-5-nano,high,1,1
2a09dcaf-dd8f-4b4b-aa6e-9ab696588079,True,openai,gpt-5-nano,high,1,1
9d21c636-14d0-4241-9ac0-5326d023905c,True,anthropic,claude-opus-4-1-20250805,high,1,5
a36ce685-d9ae-4277-b6cd-a3d7eaa62a2a,True,openai,gpt-5-mini,high,1,2
6b0d1f56-e49d-468f-9121-a979cc41a046,True,openai,gpt-5-nano,high,1,1
a998c1c1-1e9d-4616-b4eb-759691295f50,True,openai,gpt-5-nano,high,1,1
95762fdf-f328-4870-8949-f37055d01901,True,openai,gpt-5,low,1,3
02a47c9f-9674-4f69-97a1-fa50320f4a2d,True,openai,gpt-5-nano,high,1,1
79f04d5e-e605-4a6f-b595-6f34c60fdb37,True,openai,gpt-5-nano,high,1,1
265a0f6b-8954-46d4-b16e-10869f1cbf38,True,openai,gpt-5-nano,high,1,1
511aaf0c-d5a8-4920-aea6-9974d2328698,True,openai,gpt-5-nano,high,1,1
7bf8e0a7-7821-4882-bc2a-9d16ce3c2132,True,openai,gpt-5-nano,high,1,1
8021e765-873b-4125-98c6-7aba79a608ed,True,openai,gpt-5-nano,high,1,1
7d0470fe-00e3-4bfc-b1f4-697de32a1536,True,openai,gpt-5-nano,high,1,1
7b0d5de1-b848-4577-90c5-512e569345fa,True,openai,gpt-5-nano,high,1,1
afde06aa-22ce-4e9a-91db-1ac1d7a462ea,True,openai,gpt-5-nano,high,1,1
a86ff6ae-7533-4cf0-93d1-40fe07542f21,True,openai,gpt-5-nano,high,1,1
8398cae0-ea43-469b-b7b6-e1489d17590f,True,openai,gpt-5-mini,high,1,2
55e6969a-cd2c-4534-a44b-4f2ec293f3ed,True,openai,gpt-5-mini,high,1,2
9c408844-b086-4670-b157-247278c5ee25,True,openai,gpt-5-nano,high,1,1
53942a50-f41b-4703-a277-57f7472d5008,True,openai,gpt-5-nano,high,1,1
e94f77e7-58e0-4d4c-8db2-7b826572809c,True,openai,gpt-5-nano,high,1,1
9f1bcc04-a440-40e6-8be5-01b80c8d661c,True,openai,gpt-5-nano,high,1,1
3e8274da-3af2-4a95-b65c-ec6550cd1d49,True,openai,gpt-5-nano,high,1,1
de013b62-581f-4552-bce8-d4b1841799b6,True,openai,gpt-5-nano,high,1,1
6404efcf-c1cd-4a3a-8ead-4bbcc99d828e,True,openai,gpt-5-nano,high,1,1
c30d58cf-aca7-4b18-b594-93174cba5689,True,openai,gpt-5-nano,high,1,1
6ee65886-5c57-40f3-a837-e857685ec909,True,openai,gpt-5-nano,high,1,1
bbac86f4-6432-413a-b809-e4356c38ea2a,True,openai,gpt-5-nano,high,1,1
477bbe1b-e795-45df-8606-d2c9188982dd,True,openai,gpt-5-nano,high,1,1
de9fd645-dc9e-4647-8ee2-eae8ef6cfad7,True,openai,gpt-5-nano,high,1,1
cbc06b23-5f99-444d-9ef2-4a8dc2b3bd04,True,openai,gpt-5-nano,high,1,1
fb8bfc0b-a1c7-4ef5-8654-f3f197030bce,False,,,,0,11
41a75be0-6ed1-4fec-947c-93857d4a2220,True,openai,gpt-5-nano,high,1,1
393a4987-7625-4531-bc1b-0f1620eeeaf8,True,openai,gpt-5-nano,high,1,1
11f03531-f521-4e4e-8579-ddf2a9f7a9f5,True,openai,gpt-5-nano,high,1,1
b6ebd9e0-d6d0-4aa4-80d5-603a9d695d5e,True,openai,gpt-5-nano,high,1,1
124f9aaa-520b-4a2b-8392-c20e73b91133,True,openai,gpt-5-nano,high,1,1
a21cb7b9-750d-416d-ad64-3a26f33e230a,True,openai,gpt-5-nano,high,1,1
cb822b29-14fa-4448-bf04-cc7645dbfa01,True,openai,gpt-5-nano,high,1,1
2c5ba6b4-43be-4913-baa9-6b861d17b24a,True,openai,gpt-5-nano,high,1,1
a8af3fea-d3d3-428d-bd6f-f6f45e42b4af,True,openai,gpt-5-nano,high,1,1
8072abe7-88f1-4f1a-ad3f-aca517fe366a,True,openai,gpt-5-nano,high,1,1
d211573b-7d50-4741-aacb-d16cb9c2e8d3,True,openai,gpt-5-nano,high,1,1
abca3472-5412-4b3c-82e4-180e98207287,True,openai,gpt-5-nano,high,1,1
3625a470-bf1d-47db-8ada-9728a789cb57,True,openai,gpt-5-nano,high,1,1
00f7a018-fbae-4b44-adfd-064beaa4b896,True,openai,gpt-5-nano,high,1,1
e8fcec9a-c16f-4d0f-9fd0-8445a5d1a7f6,True,openai,gpt-5-nano,high,1,1
a57f2612-07bd-409a-9e03-40b3d928af7b,True,openai,gpt-5-nano,high,1,1
f51b39a8-cf17-43cf-b095-8ccbb503d1f3,True,openai,gpt-5-nano,high,1,1
a1fbd8e8-bf0b-4b57-aa16-e3e528515fb0,True,openai,gpt-5-nano,high,1,1
4cc4bbba-69c7-4c2b-9149-5a8a4ab0e3b3,True,openai,gpt-5-nano,high,1,1
9baa3b16-5b01-42f4-8add-2dc62bf41b31,True,openai,gpt-5-nano,high,1,1
4b7446e9-b07b-430e-a831-1d1189469c89,True,openai,gpt-5-nano,high,1,1
625e6faf-2cf5-401e-9363-e7afc3c3d135,True,openai,gpt-5-nano,high,1,1
7b704288-d11a-4b59-8da0-797c709cc61a,True,openai,gpt-5-nano,high,1,1
eb3dc167-dba7-4c77-b5b1-d86875b8cdb1,True,openai,gpt-5-nano,high,1,1
a81ec37c-f16a-4ac4-b16f-d6d7fd3dad41,True,openai,gpt-5-nano,high,1,1
5e379dbd-c741-4833-9d46-77fe5a7f8705,True,openai,gpt-5-nano,high,1,1
717b20e9-e2ce-4d76-b93e-87551c75f2d4,True,openai,gpt-5-nano,high,1,1
774face2-5768-49c4-ab2c-3266ae0ffcf8,True,openai,gpt-5-nano,high,1,1
c6591fcb-b60a-4d9a-b61c-71ce07dfc0bd,True,openai,gpt-5-nano,high,1,1
a3d5bcef-5899-432f-8b82-512e2747d880,True,openai,gpt-5-nano,high,1,1
4dbff02a-40ee-44ca-b400-7296a3ee8cdf,True,openai,gpt-5-nano,high,1,1
d890f741-927c-4efe-b201-13e83c4f5f0d,True,openai,gpt-5-nano,high,1,1
245936d5-8ff3-41b9-85b8-df2f5e9962e3,True,openai,gpt-5-nano,high,1,1
131af934-c483-4a2d-9586-fc2c55d9f729,True,openai,gpt-5-nano,high,1,1
0188c94a-e7f6-4a2c-b0ce-66a176467049,True,openai,gpt-5-nano,high,1,1
6eae147b-6d91-40e6-bd91-72c90bc8853d,True,openai,gpt-5-nano,high,1,1
9fa3e861-4f89-4c07-a585-80d1e0c58134,True,openai,gpt-5-nano,high,1,1
3d6f94dc-f66d-451a-afc1-435b82b40e4c,True,openai,gpt-5-nano,high,1,1
c774a035-ab6a-40ff-8ead-ca6349d4aa8c,True,openai,gpt-5-nano,high,1,1
39a04afe-1b0a-4bff-ad1f-a0ca2965fe5b,True,openai,gpt-5-nano,high,1,1
cb388ab8-e095-4973-82bc-669f1ded9cb5,True,openai,gpt-5-nano,high,1,1
cc707d78-93f2-49d6-a38f-56bf632f514c,True,openai,gpt-5-nano,high,1,1
8fbde5fe-3ac6-4830-a395-d06fb34c1de1,True,openai,gpt-5-nano,high,1,1
9c274d1d-df02-4407-9e90-03bb4e927e9d,True,openai,gpt-5-nano,high,1,1
e066d07f-dbf2-41e4-9248-d0f77ca4df79,True,openai,gpt-5-nano,high,1,1
f7a1b7dd-658d-4dd6-b628-29e933c127db,True,openai,gpt-5-nano,high,1,1
e5476ee8-9e6e-45a0-8712-1d92fe6bbbaa,True,openai,gpt-5-nano,high,1,1
be2eed88-3464-4319-9b6c-4178024a463b,True,openai,gpt-5-mini,high,1,2
5f83f3a2-2ad8-4a43-b716-7c2e4f634b8b,True,openai,gpt-5-nano,high,1,1
cbe2a65c-49da-411c-94c1-0f9de93bf313,True,openai,gpt-5-nano,high,1,1
0fb6e1e2-5040-4819-add2-154f8c97c1b2,True,openai,gpt-5-nano,high,1,1
b235d0fa-524f-409d-a9eb-5ed2595538ce,True,openai,gpt-5-nano,high,1,1
fcf65a26-aa75-44a3-b4ab-adc28f88a686,True,openai,gpt-5-nano,high,1,1
5ec9f892-e541-4d49-a853-d409889c83fc,True,openai,gpt-5-nano,high,1,1
518b015c-58ae-4640-bd5f-02f5c0f6b503,True,openai,gpt-5-mini,high,1,2
ad12b60c-572b-44dd-8c1e-bc257bd76c0d,True,openai,gpt-5-nano,high,1,1
2eb7bbd5-a8a4-44b2-a23f-3f6c1e07ac9d,True,openai,gpt-5-nano,high,1,1
7eb88dcd-24af-4925-ab89-e4f177f7b2e4,True,openai,gpt-5-nano,high,1,1
cd96b379-db5e-4b5e-b649-731cb4e7f5ae,True,openai,gpt-5-nano,high,1,1
b79c3c01-c525-45c6-97e6-2e10e90bbb24,True,openai,gpt-5-nano,high,1,1
d816e442-e2d1-4078-b442-8855d2cb1906,True,openai,gpt-5-nano,high,1,1
d7f138b5-8e59-4383-95bb-63a960a07ba1,True,openai,gpt-5-nano,high,1,1
501cd3ca-c364-4d91-94ec-caa6f1584bd7,True,openai,gpt-5-nano,high,1,1
08029683-adef-49fb-b200-540d3b1202e1,True,openai,gpt-5-mini,high,1,2
adcd3538-3dca-48d8-b5df-0d7848ae9a49,True,openai,gpt-5-nano,high,1,1
ca381e5a-ecf5-4cad-ad7b-dff651646886,True,openai,gpt-5-mini,high,1,2
967e4f37-82b2-4ac9-ac8b-973f0a8e4dfd,True,openai,gpt-5-nano,high,1,1
2eebf406-36bb-4e4b-bb55-bc62662082b9,True,openai,gpt-5-nano,high,1,1
88dd55f5-ac1c-478e-8608-e5ffee0ed425,True,openai,gpt-5-nano,high,1,1
7ba87569-9983-4c8c-ada3-f10fc803da6a,True,openai,gpt-5-nano,high,1,1
5bab691f-1473-45d2-96a4-c40c7243a51e,True,openai,gpt-5-nano,high,1,1
bc4de3bf-0923-48a8-959d-bd87ebeff3ef,True,openai,gpt-5-nano,high,1,1
b02b5ed1-d209-4a8c-b8f8-b3b6e59875e3,True,openai,gpt-5-nano,high,1,1
04ecb00d-670f-4780-96e6-47ee3f058bb6,True,openai,gpt-5-nano,high,1,1
7682e0f1-ff70-4450-9b13-998649a33dd3,True,openai,gpt-5-nano,high,1,1
0539ada6-9d0f-49ee-94cc-1cb263f94ed9,True,openai,gpt-5-nano,high,1,1
762fbcec-6cbb-42c2-9b40-315c5fcf0b5d,True,openai,gpt-5-nano,high,1,1
8485c062-11ac-473b-b196-9957d900824c,True,openai,gpt-5-nano,high,1,1
f9113be4-fa65-4681-b4e1-8ea928bab621,True,openai,gpt-5-nano,high,1,1
d87d4e6c-2130-4562-ae41-b4ef9fdf8c57,True,openai,gpt-5-nano,high,1,1
61aac103-0e84-4ca2-a6ae-788c2ce6a8f1,True,openai,gpt-5-nano,high,1,1
e78c4803-146c-4d8c-8bf9-5067abd87e9e,True,openai,gpt-5-nano,high,1,1
96249f0d-d5ab-41f6-b914-76244bb326fa,True,openai,gpt-5-nano,high,1,1
d001cc16-ec57-4cbf-bef0-bfc1bf5d9bc0,True,openai,gpt-5-nano,high,1,1
7d8bc7de-e917-4cb2-b2a8-4abdcdb01cde,True,openai,gpt-5-nano,high,1,1
3f4e0b50-6cf6-4729-9b6d-ab1eb2803c6a,True,openai,gpt-5-nano,high,1,1
959d8f8a-5dcc-4195-8d9c-bf3492acdc78,True,openai,gpt-5-nano,high,1,1
d670d32d-46a4-44cd-bca1-244e2691bd87,True,openai,gpt-5-nano,high,1,1
8f00b0cb-7e19-4bfd-9783-a199a12054a8,True,openai,gpt-5-nano,high,1,1
52cb8a3c-7209-4eec-bb85-914b1ad46b6c,True,openai,gpt-5-nano,high,1,1
33e67393-5a3e-4094-ab3c-9349e0337438,True,openai,gpt-5-nano,high,1,1
36bb392e-42ef-450d-9f59-15a47a17cf6c,True,openai,gpt-5-nano,high,1,1
f0700329-7c2c-4414-a6ae-6b896af11c79,True,openai,gpt-5-nano,high,1,1
e2b70749-c308-4f7c-bcf6-7f32627f3a7f,True,openai,gpt-5-nano,high,1,1
070967a0-1b97-4150-8449-60b5f8d39635,True,openai,gpt-5-nano,high,1,1
b1e0b164-a942-4f90-a928-76126f0f7288,True,openai,gpt-5-nano,high,1,1
414a9ba7-db54-4be3-9a53-486d229357e8,True,openai,gpt-5-nano,high,1,1
264c09ae-899f-4091-9aa9-1e91ea2beaf8,True,openai,gpt-5-nano,high,1,1
7fa7495f-1281-40c8-8e2a-daf182f8c4d9,True,openai,gpt-5-nano,high,1,1
0b51ae3d-9d9a-42b3-8641-a7dda803e571,True,openai,gpt-5-mini,high,1,2
e8739c35-ba31-461b-b6be-6a0a45435bc9,True,openai,gpt-5-nano,high,1,1
59af1c29-f7e6-4dd9-aa35-8bc132d73999,True,openai,gpt-5-nano,high,1,1
e2f37251-accf-46d5-9d22-d06b36736dcf,True,openai,gpt-5-nano,high,1,1
370ab9f7-eef6-4640-8615-5a9eabdcd51c,True,openai,gpt-5-nano,high,1,1
7cb65282-de8b-46ea-83a3-44e0275a8e11,True,openai,gpt-5-nano,high,1,1
824a37be-c9b9-4182-bd11-54c87eefff82,True,openai,gpt-5-nano,high,1,1
2fc2cb6b-6ea4-42bf-8c9f-1780325f4796,True,openai,gpt-5-nano,high,1,1
55fbdc24-1fdf-412f-aa56-059d39de44c0,False,,,,0,11
e0ef992e-ee70-44d9-9081-1ee58d362ba6,True,openai,gpt-5-nano,high,1,1
0ed50d57-0ee3-4465-a875-3b22243655f4,True,openai,gpt-5-nano,high,1,1
27e17ae3-aa1f-4158-a9cf-d9646bf56be5,True,openai,gpt-5-nano,high,1,1
ff67fa1b-1fd8-4999-8de2-110374d50199,True,openai,gpt-5-nano,high,1,1
31a43aad-d7e6-4ec3-921f-7e80372bd2c4,True,openai,gpt-5-nano,high,1,1
077b8b69-2f50-4176-b3a3-3210ed675dc2,True,openai,gpt-5-nano,high,1,1
983881f3-2e54-4b37-a064-c4b429bd5e41,True,openai,gpt-5-nano,high,1,1
3208ad7c-6db6-4967-92e1-7d6cd9c842b6,True,openai,gpt-5-nano,high,1,1
d84f1f5c-24a4-44db-8232-501fc1c96f4e,True,openai,gpt-5-nano,high,1,1
5948c65e-d150-40cd-83ce-a5b40dd9b3b3,True,openai,gpt-5-nano,high,1,1
5da93a9d-4aaf-4dfb-b71f-cc1e0381cc7e,True,openai,gpt-5-nano,high,1,1
ae02a1e6-ef84-41ec-81b9-90436a2a8e94,True,openai,gpt-5-nano,high,1,1
0130aa1e-e5c5-4ec2-b7ec-a679ace101f8,True,openai,gpt-5-nano,high,1,1
903e9dea-bbc7-4920-bc85-00324f3a3a07,True,openai,gpt-5-nano,high,1,1
ea3f684c-b206-4bc0-87a2-1ff3db1afc8a,True,openai,gpt-5,low,1,3
0babfe4b-a699-4017-a400-d6be9f1767b9,True,openai,gpt-5-nano,high,1,1
70b6392e-83f9-4a78-a928-0be5f9ee36f8,True,openai,gpt-5-nano,high,1,1
ec1e23f7-572e-4626-93d5-613c7e368ce1,True,openai,gpt-5-nano,high,1,1
899053d6-ca3e-4a91-85b7-bef5036f4c9d,True,anthropic,claude-opus-4-1-20250805,high,1,5
2ea8b90b-03a2-4c5d-8a29-37acdcbbfff0,True,openai,gpt-5-nano,high,1,1
